date,aqi,driverPollutant,dayInYear,CO,SO2,NO2,O3,PM10,PM2.5
01/01/2014,60.0,PM2.5,0,9.0,0.0,17.0,19.0,21.0,60.0
01/02/2014,35.0,PM2.5,1,3.0,0.0,21.0,26.0,10.0,35.0
01/03/2014,35.0,NO2,2,6.0,1.0,35.0,29.0,13.0,34.0
01/04/2014,41.0,PM2.5,3,8.0,0.0,27.0,25.0,16.0,41.0
01/05/2014,66.0,PM2.5,4,2.0,0.0,9.0,16.0,19.0,66.0
01/06/2014,30.0,O3,5,2.0,0.0,7.0,30.0,8.0,18.0
01/07/2014,32.0,NO2,6,2.0,1.0,32.0,27.0,11.0,24.0
01/08/2014,45.0,PM2.5,7,,1.0,42.0,24.0,17.0,45.0
01/09/2014,49.0,NO2,8,,3.0,49.0,25.0,19.0,47.0
01/10/2014,20.0,PM2.5,9,3.0,0.0,19.0,14.0,6.0,20.0
01/11/2014,29.0,O3,10,2.0,1.0,11.0,29.0,6.0,11.0
01/12/2014,31.0,O3,11,6.0,0.0,28.0,31.0,8.0,23.0
01/13/2014,32.0,PM2.5,12,11.0,1.0,25.0,29.0,11.0,32.0
01/14/2014,31.0,NO2,13,5.0,0.0,31.0,31.0,8.0,19.0
01/15/2014,27.0,PM2.5,14,9.0,1.0,24.0,26.0,13.0,27.0
01/16/2014,27.0,O3,15,3.0,0.0,26.0,27.0,11.0,23.0
01/17/2014,34.0,NO2,16,6.0,3.0,34.0,31.0,19.0,29.0
01/18/2014,31.0,O3,17,2.0,0.0,25.0,31.0,11.0,16.0
01/19/2014,34.0,PM2.5,18,5.0,1.0,31.0,31.0,14.0,34.0
01/20/2014,42.0,NO2,19,7.0,3.0,42.0,31.0,19.0,38.0
01/21/2014,41.0,NO2,20,7.0,1.0,41.0,28.0,16.0,39.0
01/22/2014,40.0,NO2,21,3.0,0.0,40.0,28.0,10.0,31.0
01/23/2014,41.0,NO2,22,5.0,3.0,41.0,26.0,16.0,34.0
01/24/2014,35.0,NO2,23,5.0,1.0,35.0,26.0,13.0,33.0
01/25/2014,51.0,PM2.5,24,11.0,19.0,36.0,31.0,23.0,51.0
01/26/2014,33.0,O3,25,5.0,17.0,32.0,33.0,16.0,32.0
01/27/2014,41.0,PM2.5,26,3.0,4.0,40.0,34.0,16.0,41.0
01/28/2014,26.0,PM2.5,27,3.0,1.0,20.0,23.0,14.0,26.0
01/29/2014,41.0,PM2.5,28,3.0,1.0,39.0,28.0,15.0,41.0
01/30/2014,62.0,PM2.5,29,7.0,1.0,40.0,33.0,24.0,62.0
01/31/2014,77.0,PM2.5,30,10.0,17.0,51.0,16.0,30.0,77.0
02/01/2014,69.0,PM2.5,31,16.0,7.0,46.0,31.0,21.0,69.0
02/02/2014,38.0,PM2.5,32,6.0,0.0,25.0,26.0,11.0,38.0
02/03/2014,19.0,NO2,33,5.0,7.0,19.0,16.0,6.0,16.0
02/04/2014,26.0,PM2.5,34,5.0,0.0,17.0,13.0,7.0,26.0
02/05/2014,23.0,O3,35,3.0,0.0,12.0,23.0,6.0,17.0
02/06/2014,59.0,PM2.5,36,3.0,1.0,22.0,22.0,19.0,59.0
02/07/2014,56.0,PM2.5,37,5.0,1.0,39.0,22.0,22.0,56.0
02/08/2014,49.0,PM2.5,38,6.0,1.0,33.0,31.0,19.0,49.0
02/09/2014,58.0,PM2.5,39,8.0,3.0,33.0,37.0,18.0,58.0
02/10/2014,54.0,PM2.5,40,6.0,0.0,25.0,13.0,18.0,54.0
02/11/2014,39.0,PM2.5,41,3.0,0.0,17.0,23.0,9.0,39.0
02/12/2014,43.0,PM2.5,42,3.0,1.0,8.0,29.0,13.0,43.0
02/13/2014,40.0,NO2,43,3.0,0.0,40.0,33.0,13.0,32.0
02/14/2014,54.0,PM2.5,44,6.0,1.0,35.0,38.0,16.0,54.0
02/15/2014,35.0,O3,45,3.0,1.0,25.0,35.0,11.0,27.0
02/16/2014,54.0,PM2.5,46,6.0,3.0,36.0,38.0,19.0,54.0
02/17/2014,55.0,PM2.5,47,9.0,3.0,28.0,44.0,19.0,55.0
02/18/2014,52.0,PM2.5,48,3.0,0.0,25.0,35.0,17.0,52.0
02/19/2014,33.0,PM2.5,49,5.0,0.0,24.0,27.0,13.0,33.0
02/20/2014,40.0,PM2.5,50,7.0,0.0,19.0,30.0,14.0,40.0
02/21/2014,33.0,NO2,51,3.0,0.0,33.0,32.0,8.0,20.0
02/22/2014,36.0,O3,52,6.0,0.0,34.0,36.0,10.0,32.0
02/23/2014,54.0,PM2.5,53,11.0,1.0,36.0,43.0,15.0,54.0
02/24/2014,33.0,O3,54,5.0,1.0,29.0,33.0,10.0,25.0
02/25/2014,41.0,PM2.5,55,5.0,1.0,32.0,33.0,13.0,41.0
02/26/2014,35.0,PM2.5,56,3.0,3.0,26.0,27.0,13.0,35.0
02/27/2014,38.0,NO2,57,3.0,1.0,38.0,31.0,11.0,28.0
02/28/2014,43.0,NO2,58,5.0,1.0,43.0,41.0,18.0,38.0
03/01/2014,57.0,PM2.5,59,6.0,1.0,45.0,42.0,20.0,57.0
03/02/2014,67.0,PM2.5,60,11.0,0.0,37.0,50.0,26.0,67.0
03/03/2014,36.0,PM2.5,61,5.0,0.0,11.0,31.0,9.0,36.0
03/04/2014,31.0,O3,62,3.0,3.0,13.0,31.0,11.0,20.0
03/05/2014,30.0,O3,63,3.0,0.0,22.0,30.0,10.0,20.0
03/06/2014,42.0,PM2.5,64,3.0,6.0,20.0,26.0,15.0,42.0
03/07/2014,31.0,O3,65,3.0,0.0,27.0,31.0,7.0,13.0
03/08/2014,48.0,NO2,66,11.0,3.0,48.0,44.0,16.0,45.0
03/09/2014,49.0,O3,67,6.0,1.0,31.0,49.0,15.0,49.0
03/10/2014,52.0,PM2.5,68,5.0,1.0,49.0,44.0,19.0,52.0
03/11/2014,68.0,PM2.5,69,6.0,1.0,36.0,49.0,23.0,68.0
03/12/2014,34.0,O3,70,3.0,0.0,17.0,34.0,12.0,32.0
03/13/2014,42.0,NO2,71,5.0,0.0,42.0,36.0,9.0,22.0
03/14/2014,55.0,PM2.5,72,9.0,1.0,43.0,50.0,21.0,55.0
03/15/2014,67.0,PM2.5,73,7.0,1.0,42.0,49.0,27.0,67.0
03/16/2014,52.0,PM2.5,74,6.0,0.0,28.0,34.0,17.0,52.0
03/17/2014,23.0,O3,75,3.0,0.0,9.0,23.0,6.0,8.0
03/18/2014,21.0,O3,76,3.0,0.0,12.0,21.0,9.0,14.0
03/19/2014,27.0,PM2.5,77,6.0,0.0,20.0,23.0,10.0,27.0
03/20/2014,46.0,NO2,78,9.0,1.0,46.0,37.0,17.0,41.0
03/21/2014,48.0,O3,79,10.0,1.0,44.0,48.0,20.0,47.0
03/22/2014,71.0,O3,80,10.0,3.0,53.0,71.0,43.0,69.0
03/23/2014,59.0,PM2.5,81,11.0,0.0,31.0,39.0,25.0,59.0
03/24/2014,47.0,PM2.5,82,3.0,0.0,31.0,41.0,17.0,47.0
03/25/2014,47.0,PM2.5,83,3.0,0.0,31.0,37.0,17.0,47.0
03/26/2014,42.0,NO2,84,5.0,1.0,42.0,38.0,13.0,30.0
03/27/2014,54.0,O3,85,8.0,1.0,35.0,54.0,25.0,52.0
03/28/2014,30.0,O3,86,3.0,0.0,15.0,30.0,12.0,30.0
03/29/2014,31.0,O3,87,3.0,0.0,5.0,31.0,7.0,17.0
03/30/2014,40.0,O3,88,3.0,0.0,36.0,40.0,9.0,28.0
03/31/2014,51.0,NO2,89,6.0,1.0,51.0,42.0,16.0,37.0
04/01/2014,54.0,O3,90,9.0,1.0,49.0,54.0,21.0,54.0
04/02/2014,60.0,PM2.5,91,9.0,3.0,42.0,45.0,28.0,60.0
04/03/2014,58.0,PM2.5,92,6.0,0.0,34.0,41.0,30.0,58.0
04/04/2014,40.0,O3,93,3.0,0.0,10.0,40.0,19.0,25.0
04/05/2014,45.0,O3,94,3.0,1.0,10.0,45.0,15.0,26.0
04/06/2014,43.0,PM2.5,95,3.0,0.0,12.0,31.0,17.0,43.0
04/07/2014,26.0,O3,96,2.0,0.0,8.0,26.0,,18.0
04/08/2014,44.0,O3,97,3.0,0.0,34.0,44.0,18.0,33.0
04/09/2014,46.0,O3,98,5.0,0.0,41.0,46.0,18.0,38.0
04/10/2014,61.0,O3,99,7.0,0.0,42.0,61.0,19.0,44.0
04/11/2014,58.0,O3,100,6.0,1.0,52.0,58.0,21.0,49.0
04/12/2014,63.0,PM2.5,101,10.0,1.0,30.0,54.0,24.0,63.0
04/13/2014,51.0,PM2.5,102,7.0,0.0,27.0,44.0,21.0,51.0
04/14/2014,30.0,O3,103,2.0,0.0,8.0,30.0,14.0,29.0
04/15/2014,28.0,O3,104,2.0,0.0,8.0,28.0,12.0,11.0
04/16/2014,44.0,O3,105,2.0,0.0,21.0,44.0,11.0,26.0
04/17/2014,44.0,O3,106,2.0,0.0,23.0,44.0,16.0,32.0
04/18/2014,37.0,O3,107,3.0,0.0,10.0,37.0,15.0,37.0
04/19/2014,40.0,O3,108,2.0,0.0,6.0,40.0,7.0,10.0
04/20/2014,61.0,O3,109,5.0,0.0,30.0,61.0,15.0,35.0
04/21/2014,84.0,O3,110,8.0,1.0,52.0,84.0,19.0,52.0
04/22/2014,55.0,PM2.5,111,7.0,1.0,31.0,31.0,18.0,55.0
04/23/2014,51.0,O3,112,3.0,0.0,46.0,51.0,16.0,37.0
04/24/2014,71.0,O3,113,6.0,0.0,35.0,71.0,19.0,52.0
04/25/2014,45.0,O3,114,6.0,0.0,25.0,45.0,19.0,45.0
04/26/2014,58.0,O3,115,5.0,1.0,42.0,58.0,13.0,36.0
04/27/2014,55.0,PM2.5,116,9.0,0.0,24.0,43.0,21.0,55.0
04/28/2014,55.0,PM2.5,117,5.0,0.0,11.0,21.0,19.0,55.0
04/29/2014,31.0,O3,118,2.0,0.0,6.0,31.0,11.0,22.0
04/30/2014,39.0,O3,119,2.0,0.0,11.0,39.0,9.0,17.0
05/01/2014,37.0,O3,120,3.0,0.0,23.0,37.0,11.0,22.0
05/02/2014,48.0,O3,121,3.0,0.0,30.0,48.0,12.0,29.0
05/03/2014,49.0,O3,122,5.0,0.0,32.0,49.0,14.0,30.0
05/04/2014,58.0,O3,123,7.0,1.0,34.0,58.0,18.0,40.0
05/05/2014,58.0,O3,124,7.0,1.0,43.0,58.0,21.0,52.0
05/06/2014,77.0,O3,125,6.0,1.0,43.0,77.0,21.0,55.0
05/07/2014,53.0,PM2.5,126,7.0,1.0,32.0,47.0,23.0,53.0
05/08/2014,52.0,PM2.5,127,8.0,0.0,25.0,51.0,24.0,52.0
05/09/2014,39.0,PM2.5,128,3.0,0.0,26.0,31.0,19.0,39.0
05/10/2014,33.0,PM2.5,129,3.0,0.0,9.0,27.0,16.0,33.0
05/11/2014,38.0,O3,130,5.0,0.0,14.0,38.0,14.0,38.0
05/12/2014,48.0,PM2.5,131,6.0,0.0,22.0,35.0,20.0,48.0
05/13/2014,50.0,PM2.5,132,7.0,0.0,25.0,46.0,21.0,50.0
05/14/2014,35.0,PM2.5,133,5.0,0.0,21.0,31.0,14.0,35.0
05/15/2014,24.0,O3,134,2.0,0.0,9.0,24.0,6.0,11.0
05/16/2014,45.0,O3,135,3.0,0.0,34.0,45.0,11.0,27.0
05/17/2014,44.0,O3,136,6.0,0.0,23.0,44.0,15.0,40.0
05/18/2014,28.0,PM2.5,137,5.0,0.0,10.0,24.0,8.0,28.0
05/19/2014,39.0,O3,138,3.0,0.0,9.0,39.0,9.0,19.0
05/20/2014,52.0,PM2.5,139,6.0,0.0,35.0,47.0,19.0,52.0
05/21/2014,53.0,PM2.5,140,6.0,4.0,28.0,51.0,20.0,53.0
05/22/2014,56.0,PM2.5,141,3.0,3.0,31.0,44.0,22.0,56.0
05/23/2014,56.0,PM2.5,142,3.0,0.0,35.0,54.0,22.0,56.0
05/24/2014,58.0,O3,143,6.0,0.0,26.0,58.0,23.0,57.0
05/25/2014,71.0,O3,144,8.0,0.0,21.0,71.0,22.0,58.0
05/26/2014,47.0,PM2.5,145,3.0,0.0,8.0,45.0,17.0,47.0
05/27/2014,58.0,PM2.5,146,6.0,0.0,21.0,41.0,26.0,58.0
05/28/2014,56.0,PM2.5,147,5.0,1.0,28.0,40.0,21.0,56.0
05/29/2014,43.0,PM2.5,148,5.0,0.0,26.0,38.0,16.0,43.0
05/30/2014,38.0,PM2.5,149,5.0,0.0,14.0,32.0,13.0,38.0
05/31/2014,40.0,O3,150,6.0,0.0,9.0,40.0,14.0,38.0
06/01/2014,38.0,PM2.5,151,2.0,0.0,3.0,34.0,15.0,38.0
06/02/2014,37.0,O3,152,2.0,0.0,4.0,37.0,14.0,30.0
06/03/2014,44.0,O3,153,2.0,0.0,15.0,44.0,14.0,34.0
06/04/2014,43.0,PM2.5,154,2.0,0.0,25.0,37.0,12.0,43.0
06/05/2014,44.0,O3,155,3.0,1.0,21.0,44.0,13.0,35.0
06/06/2014,30.0,O3,156,3.0,0.0,14.0,30.0,13.0,30.0
06/07/2014,46.0,O3,157,3.0,0.0,17.0,46.0,13.0,38.0
06/08/2014,29.0,PM2.5,158,5.0,0.0,13.0,28.0,11.0,29.0
06/09/2014,44.0,PM2.5,159,5.0,0.0,15.0,37.0,14.0,44.0
06/10/2014,24.0,PM2.5,160,3.0,0.0,13.0,20.0,9.0,24.0
06/11/2014,31.0,O3,161,2.0,0.0,8.0,31.0,6.0,21.0
06/12/2014,35.0,O3,162,3.0,0.0,15.0,35.0,9.0,31.0
06/13/2014,42.0,PM2.5,163,5.0,0.0,20.0,31.0,13.0,42.0
06/14/2014,61.0,O3,164,6.0,0.0,18.0,61.0,16.0,42.0
06/15/2014,52.0,PM2.5,165,9.0,0.0,15.0,44.0,16.0,52.0
06/16/2014,119.0,O3,166,5.0,1.0,26.0,119.0,24.0,64.0
06/17/2014,93.0,O3,167,5.0,0.0,15.0,93.0,25.0,66.0
06/18/2014,74.0,O3,168,6.0,0.0,34.0,74.0,24.0,63.0
06/19/2014,100.0,O3,169,7.0,1.0,30.0,100.0,23.0,64.0
06/20/2014,57.0,PM2.5,170,6.0,0.0,27.0,38.0,16.0,57.0
06/21/2014,52.0,PM2.5,171,6.0,1.0,14.0,34.0,20.0,52.0
06/22/2014,49.0,PM2.5,172,5.0,1.0,26.0,44.0,16.0,49.0
06/23/2014,51.0,PM2.5,173,6.0,6.0,15.0,44.0,18.0,51.0
06/24/2014,52.0,PM2.5,174,3.0,0.0,16.0,32.0,18.0,52.0
06/25/2014,45.0,PM2.5,175,3.0,0.0,27.0,41.0,17.0,45.0
06/26/2014,35.0,PM2.5,176,3.0,3.0,25.0,33.0,10.0,35.0
06/27/2014,39.0,PM2.5,177,3.0,1.0,22.0,38.0,13.0,39.0
06/28/2014,32.0,PM2.5,178,3.0,0.0,16.0,29.0,11.0,32.0
06/29/2014,41.0,O3,179,6.0,0.0,14.0,41.0,13.0,35.0
06/30/2014,33.0,PM2.5,180,3.0,0.0,16.0,23.0,13.0,33.0
07/01/2014,82.0,PM2.5,181,5.0,0.0,19.0,41.0,63.0,82.0
07/02/2014,74.0,O3,182,6.0,1.0,24.0,74.0,54.0,73.0
07/03/2014,47.0,O3,183,3.0,1.0,17.0,47.0,15.0,41.0
07/04/2014,44.0,O3,184,2.0,0.0,8.0,44.0,13.0,38.0
07/05/2014,41.0,O3,185,3.0,0.0,12.0,41.0,16.0,40.0
07/06/2014,48.0,PM2.5,186,3.0,0.0,13.0,41.0,17.0,48.0
07/07/2014,58.0,PM2.5,187,5.0,0.0,30.0,44.0,19.0,58.0
07/08/2014,67.0,PM2.5,188,6.0,1.0,26.0,41.0,23.0,67.0
07/09/2014,53.0,PM2.5,189,3.0,1.0,28.0,44.0,17.0,53.0
07/10/2014,46.0,O3,190,2.0,0.0,18.0,46.0,11.0,36.0
07/11/2014,39.0,O3,191,5.0,0.0,19.0,39.0,12.0,33.0
07/12/2014,45.0,PM2.5,192,5.0,0.0,17.0,34.0,15.0,45.0
07/13/2014,45.0,O3,193,5.0,0.0,12.0,45.0,10.0,40.0
07/14/2014,49.0,PM2.5,194,5.0,1.0,18.0,33.0,13.0,49.0
07/15/2014,42.0,PM2.5,195,5.0,0.0,16.0,37.0,16.0,42.0
07/16/2014,44.0,O3,196,2.0,0.0,15.0,44.0,13.0,33.0
07/17/2014,45.0,O3,197,3.0,0.0,27.0,45.0,,33.0
07/18/2014,51.0,PM2.5,198,6.0,0.0,17.0,38.0,,51.0
07/19/2014,30.0,PM2.5,199,3.0,0.0,6.0,23.0,,30.0
07/20/2014,28.0,PM2.5,200,2.0,0.0,6.0,12.0,,28.0
07/21/2014,32.0,PM2.5,201,3.0,0.0,10.0,31.0,,32.0
07/22/2014,27.0,O3,202,5.0,0.0,12.0,27.0,,24.0
07/23/2014,38.0,O3,203,6.0,0.0,14.0,38.0,,33.0
07/24/2014,53.0,PM2.5,204,5.0,0.0,17.0,29.0,,53.0
07/25/2014,50.0,PM2.5,205,6.0,0.0,35.0,36.0,,50.0
07/26/2014,50.0,PM2.5,206,8.0,1.0,25.0,45.0,,50.0
07/27/2014,57.0,PM2.5,207,6.0,1.0,11.0,33.0,,57.0
07/28/2014,51.0,PM2.5,208,2.0,0.0,13.0,38.0,,51.0
07/29/2014,40.0,O3,209,3.0,0.0,22.0,40.0,16.0,35.0
07/30/2014,49.0,O3,210,3.0,0.0,35.0,49.0,19.0,38.0
07/31/2014,49.0,PM2.5,211,5.0,0.0,25.0,35.0,21.0,49.0
08/01/2014,31.0,O3,212,2.0,0.0,7.0,31.0,14.0,22.0
08/02/2014,35.0,O3,213,2.0,0.0,3.0,35.0,16.0,29.0
08/03/2014,39.0,O3,214,3.0,0.0,7.0,39.0,16.0,28.0
08/04/2014,49.0,O3,215,5.0,0.0,21.0,49.0,18.0,41.0
08/05/2014,80.0,O3,216,5.0,0.0,45.0,80.0,23.0,54.0
08/06/2014,80.0,O3,217,7.0,3.0,37.0,80.0,31.0,68.0
08/07/2014,105.0,O3,218,7.0,0.0,22.0,105.0,30.0,62.0
08/08/2014,44.0,PM2.5,219,3.0,0.0,13.0,33.0,20.0,44.0
08/09/2014,47.0,O3,220,3.0,0.0,10.0,47.0,19.0,46.0
08/10/2014,38.0,PM2.5,221,3.0,0.0,12.0,27.0,16.0,38.0
08/11/2014,34.0,PM2.5,222,3.0,0.0,8.0,25.0,17.0,34.0
08/12/2014,44.0,PM2.5,223,5.0,0.0,17.0,36.0,20.0,44.0
08/13/2014,44.0,O3,224,3.0,1.0,28.0,44.0,19.0,40.0
08/14/2014,49.0,O3,225,6.0,0.0,28.0,49.0,22.0,46.0
08/15/2014,122.0,O3,226,8.0,0.0,40.0,122.0,27.0,62.0
08/16/2014,63.0,PM2.5,227,8.0,1.0,19.0,47.0,26.0,63.0
08/17/2014,59.0,PM2.5,228,9.0,1.0,18.0,31.0,23.0,59.0
08/18/2014,48.0,PM2.5,229,3.0,3.0,16.0,29.0,17.0,48.0
08/19/2014,44.0,PM2.5,230,3.0,1.0,16.0,27.0,19.0,44.0
08/20/2014,54.0,PM2.5,231,3.0,0.0,19.0,26.0,30.0,54.0
08/21/2014,49.0,PM2.5,232,5.0,0.0,25.0,35.0,30.0,49.0
08/22/2014,58.0,PM2.5,233,6.0,1.0,27.0,32.0,31.0,58.0
08/23/2014,58.0,PM2.5,234,7.0,0.0,10.0,32.0,29.0,58.0
08/24/2014,45.0,PM2.5,235,3.0,0.0,8.0,27.0,19.0,45.0
08/25/2014,34.0,O3,236,2.0,0.0,16.0,34.0,16.0,30.0
08/26/2014,47.0,O3,237,6.0,0.0,34.0,47.0,17.0,40.0
08/27/2014,74.0,O3,238,7.0,0.0,47.0,74.0,21.0,48.0
08/28/2014,77.0,O3,239,9.0,0.0,37.0,77.0,22.0,52.0
08/29/2014,64.0,O3,240,10.0,0.0,33.0,64.0,22.0,52.0
08/30/2014,45.0,PM2.5,241,7.0,0.0,19.0,30.0,21.0,45.0
08/31/2014,37.0,PM2.5,242,6.0,0.0,12.0,21.0,20.0,37.0
09/01/2014,52.0,PM2.5,243,9.0,0.0,11.0,27.0,27.0,52.0
09/02/2014,39.0,PM2.5,244,3.0,0.0,9.0,24.0,22.0,39.0
09/03/2014,32.0,O3,245,3.0,0.0,,32.0,20.0,32.0
09/04/2014,35.0,PM2.5,246,3.0,1.0,,20.0,20.0,35.0
09/05/2014,30.0,PM2.5,247,5.0,0.0,,27.0,20.0,30.0
09/06/2014,35.0,PM2.5,248,7.0,0.0,,34.0,19.0,35.0
09/07/2014,34.0,PM2.5,249,5.0,0.0,,30.0,17.0,34.0
09/08/2014,22.0,PM2.5,250,3.0,0.0,,21.0,14.0,22.0
09/09/2014,34.0,O3,251,2.0,0.0,,34.0,17.0,20.0
09/10/2014,31.0,O3,252,2.0,0.0,14.0,31.0,17.0,29.0
09/11/2014,33.0,PM2.5,253,3.0,3.0,10.0,29.0,19.0,33.0
09/12/2014,40.0,PM2.5,254,6.0,0.0,15.0,36.0,19.0,40.0
09/13/2014,32.0,PM2.5,255,5.0,0.0,10.0,27.0,20.0,32.0
09/14/2014,38.0,PM2.5,256,3.0,0.0,6.0,12.0,19.0,38.0
09/15/2014,55.0,PM2.5,257,3.0,0.0,8.0,24.0,25.0,55.0
09/16/2014,51.0,PM2.5,258,5.0,0.0,15.0,33.0,23.0,51.0
09/17/2014,37.0,O3,259,6.0,0.0,20.0,37.0,18.0,36.0
09/18/2014,50.0,O3,260,5.0,0.0,19.0,50.0,20.0,43.0
09/19/2014,42.0,PM2.5,261,3.0,0.0,8.0,34.0,19.0,42.0
09/20/2014,36.0,O3,262,6.0,0.0,23.0,36.0,20.0,36.0
09/21/2014,43.0,PM2.5,263,7.0,0.0,24.0,41.0,19.0,43.0
09/22/2014,33.0,O3,264,3.0,0.0,23.0,33.0,16.0,30.0
09/23/2014,32.0,O3,265,3.0,0.0,13.0,32.0,13.0,26.0
09/24/2014,39.0,O3,266,2.0,0.0,11.0,39.0,13.0,22.0
09/25/2014,20.0,O3,267,2.0,0.0,11.0,20.0,10.0,9.0
09/26/2014,18.0,O3,268,2.0,0.0,6.0,18.0,10.0,15.0
09/27/2014,27.0,O3,269,2.0,0.0,9.0,27.0,12.0,21.0
09/28/2014,35.0,PM2.5,270,3.0,0.0,8.0,19.0,16.0,35.0
09/29/2014,32.0,PM2.5,271,3.0,0.0,8.0,12.0,13.0,32.0
09/30/2014,36.0,O3,272,6.0,0.0,18.0,36.0,12.0,26.0
10/01/2014,45.0,O3,273,7.0,0.0,19.0,45.0,18.0,41.0
10/02/2014,44.0,PM2.5,274,7.0,0.0,13.0,35.0,19.0,44.0
10/03/2014,33.0,PM2.5,275,2.0,0.0,10.0,19.0,15.0,33.0
10/04/2014,27.0,O3,276,3.0,0.0,15.0,27.0,12.0,19.0
10/05/2014,34.0,O3,277,3.0,0.0,14.0,34.0,11.0,23.0
10/06/2014,42.0,O3,278,5.0,1.0,18.0,42.0,13.0,30.0
10/07/2014,41.0,O3,279,3.0,0.0,20.0,41.0,18.0,36.0
10/08/2014,48.0,PM2.5,280,5.0,1.0,25.0,32.0,21.0,48.0
10/09/2014,58.0,PM2.5,281,7.0,0.0,18.0,31.0,27.0,58.0
10/10/2014,45.0,PM2.5,282,7.0,0.0,19.0,35.0,23.0,45.0
10/11/2014,52.0,PM2.5,283,5.0,0.0,19.0,23.0,23.0,52.0
10/12/2014,42.0,PM2.5,284,8.0,0.0,8.0,31.0,18.0,42.0
10/13/2014,38.0,PM2.5,285,2.0,0.0,4.0,31.0,20.0,38.0
10/14/2014,20.0,O3,286,2.0,0.0,8.0,20.0,9.0,18.0
10/15/2014,25.0,PM2.5,287,3.0,0.0,16.0,20.0,13.0,25.0
10/16/2014,23.0,O3,288,5.0,0.0,19.0,23.0,10.0,21.0
10/17/2014,55.0,PM2.5,289,7.0,1.0,29.0,37.0,16.0,55.0
10/18/2014,40.0,PM2.5,290,5.0,0.0,13.0,33.0,18.0,40.0
10/19/2014,31.0,O3,291,5.0,0.0,18.0,31.0,10.0,23.0
10/20/2014,44.0,PM2.5,292,8.0,0.0,24.0,32.0,16.0,44.0
10/21/2014,41.0,PM2.5,293,6.0,0.0,20.0,33.0,21.0,41.0
10/22/2014,27.0,O3,294,3.0,0.0,16.0,27.0,10.0,18.0
10/23/2014,30.0,PM2.5,295,5.0,1.0,29.0,20.0,13.0,30.0
10/24/2014,44.0,PM2.5,296,6.0,0.0,27.0,24.0,19.0,44.0
10/25/2014,42.0,PM2.5,297,7.0,0.0,25.0,35.0,15.0,42.0
10/26/2014,54.0,PM2.5,298,6.0,0.0,23.0,38.0,20.0,54.0
10/27/2014,68.0,PM2.5,299,9.0,3.0,26.0,50.0,29.0,68.0
10/28/2014,67.0,PM2.5,300,9.0,1.0,24.0,32.0,28.0,67.0
10/29/2014,40.0,PM2.5,301,7.0,0.0,14.0,17.0,15.0,40.0
10/30/2014,28.0,O3,302,5.0,0.0,24.0,28.0,12.0,25.0
10/31/2014,32.0,PM2.5,303,6.0,0.0,13.0,20.0,14.0,32.0
11/01/2014,18.0,O3,304,2.0,0.0,4.0,18.0,8.0,15.0
11/02/2014,29.0,O3,305,5.0,0.0,20.0,29.0,10.0,23.0
11/03/2014,44.0,PM2.5,306,7.0,9.0,34.0,32.0,17.0,44.0
11/04/2014,58.0,PM2.5,307,11.0,1.0,32.0,39.0,22.0,58.0
11/05/2014,58.0,PM2.5,308,10.0,1.0,28.0,23.0,22.0,58.0
11/06/2014,34.0,PM2.5,309,8.0,0.0,15.0,29.0,14.0,34.0
11/07/2014,26.0,NO2,310,5.0,0.0,26.0,22.0,7.0,20.0
11/08/2014,39.0,PM2.5,311,8.0,0.0,24.0,26.0,14.0,39.0
11/09/2014,54.0,PM2.5,312,9.0,0.0,23.0,31.0,16.0,54.0
11/10/2014,60.0,PM2.5,313,9.0,0.0,36.0,39.0,20.0,60.0
11/11/2014,66.0,PM2.5,314,9.0,3.0,42.0,31.0,24.0,66.0
11/12/2014,56.0,PM2.5,315,10.0,1.0,18.0,14.0,19.0,56.0
11/13/2014,45.0,PM2.5,316,2.0,0.0,10.0,13.0,15.0,45.0
11/14/2014,59.0,PM2.5,317,2.0,0.0,25.0,17.0,19.0,59.0
11/15/2014,54.0,PM2.5,318,3.0,0.0,26.0,26.0,19.0,54.0
11/16/2014,55.0,PM2.5,319,3.0,1.0,9.0,23.0,,55.0
11/17/2014,32.0,PM2.5,320,3.0,0.0,20.0,22.0,,32.0
11/18/2014,27.0,NO2,321,2.0,0.0,27.0,25.0,8.0,25.0
11/19/2014,37.0,PM2.5,322,5.0,1.0,34.0,30.0,15.0,37.0
11/20/2014,54.0,NO2,323,8.0,1.0,54.0,33.0,17.0,50.0
11/21/2014,54.0,PM2.5,324,10.0,1.0,41.0,29.0,18.0,54.0
11/22/2014,45.0,PM2.5,325,13.0,1.0,21.0,34.0,16.0,45.0
11/23/2014,24.0,O3,326,2.0,0.0,3.0,24.0,7.0,19.0
11/24/2014,36.0,PM2.5,327,3.0,0.0,26.0,26.0,19.0,36.0
11/25/2014,26.0,NO2,328,3.0,0.0,26.0,21.0,10.0,17.0
11/26/2014,26.0,PM2.5,329,5.0,1.0,24.0,25.0,10.0,26.0
11/27/2014,23.0,O3,330,5.0,1.0,8.0,23.0,7.0,23.0
11/28/2014,45.0,PM2.5,331,7.0,0.0,27.0,24.0,15.0,45.0
11/29/2014,53.0,PM2.5,332,13.0,0.0,22.0,30.0,16.0,53.0
11/30/2014,41.0,PM2.5,333,9.0,1.0,17.0,30.0,11.0,41.0
12/01/2014,51.0,PM2.5,334,10.0,4.0,36.0,24.0,18.0,51.0
12/02/2014,54.0,PM2.5,335,14.0,1.0,29.0,30.0,19.0,54.0
12/03/2014,56.0,PM2.5,336,9.0,1.0,27.0,12.0,21.0,56.0
12/04/2014,60.0,PM2.5,337,11.0,1.0,23.0,15.0,21.0,60.0
12/05/2014,54.0,PM2.5,338,3.0,0.0,9.0,13.0,19.0,54.0
12/06/2014,23.0,PM2.5,339,3.0,0.0,7.0,12.0,8.0,23.0
12/07/2014,27.0,O3,340,2.0,0.0,13.0,27.0,7.0,20.0
12/08/2014,30.0,PM2.5,341,3.0,0.0,22.0,26.0,12.0,30.0
12/09/2014,38.0,PM2.5,342,8.0,1.0,23.0,13.0,,38.0
12/10/2014,21.0,PM2.5,343,2.0,0.0,12.0,12.0,8.0,21.0
12/11/2014,30.0,PM2.5,344,2.0,0.0,20.0,18.0,12.0,30.0
12/12/2014,35.0,PM2.5,345,3.0,0.0,30.0,20.0,14.0,35.0
12/13/2014,38.0,PM2.5,346,3.0,1.0,25.0,25.0,15.0,38.0
12/14/2014,58.0,PM2.5,347,3.0,0.0,15.0,21.0,19.0,58.0
12/15/2014,64.0,PM2.5,348,7.0,3.0,36.0,11.0,26.0,64.0
12/16/2014,34.0,PM2.5,349,7.0,0.0,18.0,20.0,13.0,34.0
12/17/2014,25.0,PM2.5,350,2.0,0.0,17.0,10.0,8.0,25.0
12/18/2014,40.0,PM2.5,351,5.0,3.0,25.0,4.0,14.0,40.0
12/19/2014,40.0,PM2.5,352,5.0,1.0,26.0,11.0,16.0,40.0
12/20/2014,60.0,PM2.5,353,3.0,0.0,18.0,12.0,19.0,60.0
12/21/2014,64.0,PM2.5,354,3.0,0.0,7.0,19.0,21.0,64.0
12/22/2014,29.0,PM2.5,355,3.0,0.0,7.0,18.0,6.0,29.0
12/23/2014,13.0,PM2.5,356,3.0,0.0,9.0,5.0,5.0,13.0
12/24/2014,19.0,O3,357,3.0,0.0,11.0,19.0,5.0,8.0
12/25/2014,25.0,PM2.5,358,6.0,0.0,13.0,19.0,7.0,25.0
12/26/2014,45.0,PM2.5,359,10.0,0.0,25.0,13.0,16.0,45.0
12/27/2014,55.0,PM2.5,360,14.0,0.0,20.0,20.0,18.0,55.0
12/28/2014,26.0,PM2.5,361,6.0,0.0,20.0,19.0,11.0,26.0
12/29/2014,22.0,NO2,362,5.0,0.0,22.0,13.0,9.0,18.0
12/30/2014,18.0,PM2.5,363,5.0,0.0,14.0,11.0,7.0,18.0
12/31/2014,39.0,PM2.5,364,6.0,0.0,20.0,12.0,12.0,39.0
01/01/2015,55.0,PM2.5,0,7.0,1.0,22.0,23.0,19.0,55.0
01/02/2015,46.0,PM2.5,1,6.0,0.0,26.0,18.0,14.0,46.0
01/03/2015,17.0,O3,2,3.0,0.0,9.0,17.0,7.0,17.0
01/04/2015,23.0,O3,3,3.0,1.0,11.0,23.0,8.0,14.0
01/05/2015,28.0,PM2.5,4,3.0,0.0,26.0,18.0,9.0,28.0
01/06/2015,34.0,PM2.5,5,8.0,1.0,23.0,23.0,15.0,34.0
01/07/2015,27.0,PM2.5,6,5.0,1.0,14.0,23.0,10.0,27.0
01/08/2015,32.0,PM2.5,7,3.0,4.0,24.0,26.0,11.0,32.0
01/09/2015,51.0,PM2.5,8,6.0,1.0,37.0,23.0,18.0,51.0
01/10/2015,42.0,PM2.5,9,7.0,1.0,35.0,29.0,12.0,42.0
01/11/2015,57.0,PM2.5,10,9.0,1.0,29.0,27.0,19.0,57.0
01/12/2015,46.0,PM2.5,11,5.0,0.0,22.0,11.0,12.0,46.0
01/13/2015,25.0,PM2.5,12,5.0,0.0,18.0,9.0,9.0,25.0
01/14/2015,35.0,PM2.5,13,5.0,0.0,19.0,6.0,10.0,35.0
01/15/2015,59.0,PM2.5,14,8.0,0.0,20.0,9.0,17.0,59.0
01/16/2015,41.0,PM2.5,15,5.0,0.0,28.0,19.0,,41.0
01/17/2015,46.0,PM2.5,16,11.0,1.0,28.0,30.0,,46.0
01/18/2015,38.0,PM2.5,17,10.0,0.0,34.0,33.0,,38.0
01/19/2015,41.0,NO2,18,7.0,4.0,41.0,31.0,,35.0
01/20/2015,54.0,NO2,19,10.0,3.0,54.0,40.0,,54.0
01/21/2015,55.0,PM2.5,20,8.0,3.0,45.0,31.0,15.0,55.0
01/22/2015,46.0,PM2.5,21,8.0,1.0,37.0,22.0,14.0,46.0
01/23/2015,28.0,PM2.5,22,6.0,0.0,25.0,21.0,8.0,28.0
01/24/2015,30.0,NO2,23,3.0,1.0,30.0,25.0,5.0,18.0
01/25/2015,35.0,O3,24,,1.0,19.0,35.0,8.0,26.0
01/26/2015,21.0,PM2.5,25,,0.0,16.0,15.0,5.0,21.0
01/27/2015,25.0,PM2.5,26,,1.0,19.0,19.0,8.0,25.0
01/28/2015,35.0,NO2,27,,1.0,35.0,25.0,9.0,30.0
01/29/2015,55.0,PM2.5,28,,1.0,36.0,32.0,18.0,55.0
01/30/2015,37.0,NO2,29,2.0,0.0,37.0,23.0,10.0,25.0
01/31/2015,33.0,PM2.5,30,3.0,0.0,27.0,23.0,11.0,33.0
02/01/2015,47.0,PM2.5,31,7.0,0.0,25.0,29.0,17.0,47.0
02/02/2015,21.0,O3,32,2.0,0.0,11.0,21.0,5.0,21.0
02/03/2015,42.0,NO2,33,7.0,1.0,42.0,19.0,14.0,30.0
02/04/2015,51.0,PM2.5,34,13.0,1.0,33.0,19.0,18.0,51.0
02/05/2015,34.0,PM2.5,35,8.0,1.0,28.0,25.0,12.0,34.0
02/06/2015,40.0,NO2,36,6.0,4.0,40.0,27.0,13.0,32.0
02/07/2015,55.0,PM2.5,37,14.0,1.0,45.0,44.0,19.0,55.0
02/08/2015,48.0,PM2.5,38,10.0,0.0,36.0,39.0,17.0,48.0
02/09/2015,35.0,PM2.5,39,6.0,0.0,31.0,23.0,13.0,35.0
02/10/2015,22.0,NO2,40,3.0,0.0,22.0,16.0,8.0,21.0
02/11/2015,38.0,NO2,41,6.0,1.0,38.0,21.0,12.0,34.0
02/12/2015,36.0,PM2.5,42,5.0,1.0,20.0,27.0,13.0,36.0
02/13/2015,40.0,NO2,43,5.0,1.0,40.0,26.0,10.0,29.0
02/14/2015,41.0,PM2.5,44,6.0,0.0,39.0,40.0,18.0,41.0
02/15/2015,30.0,O3,45,3.0,0.0,22.0,30.0,9.0,24.0
02/16/2015,30.0,PM2.5,46,3.0,0.0,20.0,29.0,12.0,30.0
02/17/2015,31.0,PM2.5,47,3.0,0.0,15.0,23.0,9.0,31.0
02/18/2015,33.0,PM2.5,48,3.0,3.0,23.0,31.0,9.0,33.0
02/19/2015,30.0,O3,49,2.0,1.0,11.0,30.0,10.0,26.0
02/20/2015,36.0,PM2.5,50,2.0,7.0,14.0,30.0,15.0,36.0
02/21/2015,50.0,PM2.5,51,5.0,7.0,32.0,32.0,17.0,50.0
02/22/2015,53.0,PM2.5,52,6.0,0.0,21.0,11.0,17.0,53.0
02/23/2015,48.0,PM2.5,53,5.0,0.0,13.0,20.0,15.0,48.0
02/24/2015,50.0,PM2.5,54,5.0,0.0,22.0,13.0,14.0,50.0
02/25/2015,41.0,PM2.5,55,6.0,0.0,25.0,13.0,12.0,41.0
02/26/2015,32.0,PM2.5,56,3.0,0.0,30.0,25.0,9.0,32.0
02/27/2015,52.0,PM2.5,57,3.0,1.0,30.0,31.0,19.0,52.0
02/28/2015,49.0,PM2.5,58,3.0,1.0,32.0,40.0,18.0,49.0
03/01/2015,56.0,PM2.5,59,5.0,0.0,13.0,28.0,18.0,56.0
03/02/2015,38.0,PM2.5,60,5.0,1.0,26.0,16.0,18.0,38.0
03/03/2015,26.0,PM2.5,61,5.0,0.0,25.0,13.0,9.0,26.0
03/04/2015,20.0,O3,62,3.0,0.0,14.0,20.0,8.0,19.0
03/05/2015,26.0,O3,63,3.0,0.0,13.0,26.0,6.0,18.0
03/06/2015,34.0,NO2,64,5.0,0.0,34.0,24.0,11.0,23.0
03/07/2015,46.0,NO2,65,7.0,0.0,46.0,39.0,15.0,31.0
03/08/2015,50.0,NO2,66,14.0,4.0,50.0,46.0,18.0,50.0
03/09/2015,40.0,PM2.5,67,6.0,1.0,38.0,35.0,15.0,40.0
03/10/2015,50.0,PM2.5,68,3.0,0.0,24.0,28.0,18.0,50.0
03/11/2015,50.0,PM2.5,69,6.0,0.0,26.0,15.0,18.0,50.0
03/12/2015,29.0,O3,70,8.0,0.0,12.0,29.0,12.0,29.0
03/13/2015,31.0,O3,71,3.0,0.0,7.0,31.0,9.0,21.0
03/14/2015,21.0,PM2.5,72,5.0,6.0,19.0,19.0,6.0,21.0
03/15/2015,36.0,O3,73,5.0,0.0,25.0,36.0,7.0,21.0
03/16/2015,52.0,NO2,74,6.0,0.0,52.0,41.0,10.0,29.0
03/17/2015,53.0,PM2.5,75,9.0,1.0,38.0,39.0,19.0,53.0
03/18/2015,59.0,PM2.5,76,3.0,1.0,28.0,47.0,20.0,59.0
03/19/2015,53.0,PM2.5,77,3.0,0.0,15.0,25.0,18.0,53.0
03/20/2015,29.0,PM2.5,78,5.0,1.0,21.0,16.0,12.0,29.0
03/21/2015,38.0,O3,79,5.0,0.0,18.0,38.0,10.0,28.0
03/22/2015,31.0,O3,80,3.0,0.0,16.0,31.0,8.0,24.0
03/23/2015,36.0,O3,81,3.0,0.0,26.0,36.0,10.0,26.0
03/24/2015,39.0,O3,82,8.0,0.0,24.0,39.0,11.0,33.0
03/25/2015,31.0,O3,83,7.0,0.0,19.0,31.0,11.0,26.0
03/26/2015,39.0,O3,84,3.0,0.0,14.0,39.0,9.0,25.0
03/27/2015,32.0,O3,85,3.0,0.0,8.0,32.0,6.0,12.0
03/28/2015,38.0,O3,86,3.0,0.0,30.0,38.0,8.0,21.0
03/29/2015,45.0,O3,87,6.0,0.0,31.0,45.0,12.0,32.0
03/30/2015,38.0,PM2.5,88,3.0,0.0,35.0,36.0,14.0,38.0
03/31/2015,42.0,PM2.5,89,7.0,1.0,28.0,37.0,18.0,42.0
04/01/2015,57.0,NO2,90,7.0,1.0,57.0,50.0,16.0,35.0
04/02/2015,48.0,PM2.5,91,9.0,0.0,27.0,31.0,26.0,48.0
04/03/2015,39.0,O3,92,6.0,0.0,15.0,39.0,22.0,32.0
04/04/2015,36.0,O3,93,3.0,0.0,11.0,36.0,16.0,20.0
04/05/2015,41.0,O3,94,3.0,0.0,22.0,41.0,13.0,17.0
04/06/2015,32.0,PM2.5,95,3.0,0.0,11.0,31.0,18.0,32.0
04/07/2015,41.0,PM2.5,96,5.0,0.0,29.0,33.0,20.0,41.0
04/08/2015,52.0,PM2.5,97,7.0,0.0,37.0,42.0,23.0,52.0
04/09/2015,51.0,PM2.5,98,8.0,0.0,27.0,36.0,22.0,51.0
04/10/2015,27.0,PM2.5,99,2.0,0.0,14.0,23.0,15.0,27.0
04/11/2015,44.0,O3,100,5.0,0.0,31.0,44.0,16.0,28.0
04/12/2015,42.0,PM2.5,101,8.0,0.0,24.0,26.0,18.0,42.0
04/13/2015,27.0,PM2.5,102,2.0,0.0,8.0,24.0,13.0,27.0
04/14/2015,28.0,O3,103,2.0,0.0,15.0,28.0,12.0,22.0
04/15/2015,22.0,PM2.5,104,3.0,0.0,16.0,21.0,13.0,22.0
04/16/2015,20.0,O3,105,3.0,0.0,7.0,20.0,9.0,11.0
04/17/2015,15.0,O3,106,3.0,0.0,11.0,15.0,6.0,6.0
04/18/2015,20.0,O3,107,3.0,0.0,8.0,20.0,6.0,5.0
04/19/2015,25.0,O3,108,3.0,0.0,9.0,25.0,6.0,15.0
04/20/2015,40.0,O3,109,2.0,0.0,7.0,40.0,16.0,24.0
04/21/2015,40.0,O3,110,3.0,0.0,37.0,40.0,13.0,19.0
04/22/2015,45.0,O3,111,7.0,3.0,42.0,45.0,17.0,40.0
04/23/2015,35.0,NO2,112,3.0,0.0,35.0,35.0,15.0,28.0
04/24/2015,71.0,O3,113,5.0,0.0,27.0,71.0,19.0,37.0
04/25/2015,45.0,PM2.5,114,5.0,0.0,22.0,27.0,19.0,45.0
04/26/2015,39.0,O3,115,3.0,0.0,5.0,39.0,16.0,34.0
04/27/2015,42.0,O3,116,3.0,0.0,15.0,42.0,10.0,26.0
04/28/2015,44.0,O3,117,3.0,0.0,27.0,44.0,15.0,37.0
04/29/2015,37.0,PM2.5,118,5.0,0.0,23.0,31.0,13.0,37.0
04/30/2015,46.0,O3,119,6.0,0.0,24.0,46.0,19.0,45.0
05/01/2015,42.0,O3,120,2.0,0.0,16.0,42.0,13.0,35.0
05/02/2015,67.0,O3,121,5.0,0.0,32.0,67.0,18.0,45.0
05/03/2015,51.0,O3,122,9.0,1.0,30.0,51.0,19.0,49.0
05/04/2015,58.0,O3,123,8.0,0.0,36.0,58.0,22.0,48.0
05/05/2015,46.0,PM2.5,124,6.0,0.0,35.0,45.0,22.0,46.0
05/06/2015,51.0,O3,125,8.0,1.0,41.0,51.0,22.0,47.0
05/07/2015,64.0,O3,126,8.0,0.0,33.0,64.0,24.0,54.0
05/08/2015,112.0,O3,127,7.0,0.0,52.0,112.0,,63.0
05/09/2015,54.0,O3,128,7.0,0.0,20.0,54.0,,53.0
05/10/2015,74.0,O3,129,8.0,0.0,28.0,74.0,,54.0
05/11/2015,56.0,PM2.5,130,8.0,0.0,31.0,45.0,,56.0
05/12/2015,52.0,PM2.5,131,5.0,1.0,28.0,33.0,,52.0
05/13/2015,101.0,O3,132,3.0,0.0,43.0,101.0,14.0,29.0
05/14/2015,52.0,PM2.5,133,6.0,0.0,36.0,48.0,21.0,52.0
05/15/2015,47.0,PM2.5,134,2.0,0.0,11.0,44.0,25.0,47.0
05/16/2015,50.0,O3,135,3.0,0.0,8.0,50.0,19.0,35.0
05/17/2015,41.0,PM2.5,136,5.0,0.0,14.0,37.0,19.0,41.0
05/18/2015,38.0,PM2.5,137,6.0,1.0,19.0,27.0,23.0,38.0
05/19/2015,33.0,O3,138,5.0,0.0,22.0,33.0,15.0,33.0
05/20/2015,46.0,O3,139,3.0,0.0,16.0,46.0,17.0,43.0
05/21/2015,36.0,O3,140,3.0,0.0,12.0,36.0,10.0,28.0
05/22/2015,50.0,O3,141,5.0,0.0,35.0,50.0,9.0,28.0
05/23/2015,50.0,O3,142,9.0,0.0,26.0,50.0,14.0,38.0
05/24/2015,38.0,O3,143,3.0,0.0,10.0,38.0,18.0,35.0
05/25/2015,31.0,O3,144,2.0,0.0,5.0,31.0,19.0,30.0
05/26/2015,23.0,PM2.5,145,2.0,0.0,5.0,20.0,13.0,23.0
05/27/2015,31.0,O3,146,3.0,0.0,10.0,31.0,16.0,23.0
05/28/2015,22.0,NO2,147,3.0,0.0,22.0,20.0,11.0,18.0
05/29/2015,31.0,O3,148,3.0,0.0,13.0,31.0,14.0,28.0
05/30/2015,30.0,O3,149,7.0,0.0,12.0,30.0,14.0,29.0
05/31/2015,25.0,PM2.5,150,5.0,0.0,7.0,22.0,10.0,25.0
06/01/2015,30.0,O3,151,2.0,0.0,8.0,30.0,9.0,23.0
06/02/2015,48.0,O3,152,3.0,1.0,16.0,48.0,11.0,25.0
06/03/2015,31.0,O3,153,3.0,0.0,15.0,31.0,9.0,20.0
06/04/2015,32.0,O3,154,3.0,0.0,10.0,32.0,8.0,15.0
06/05/2015,77.0,O3,155,7.0,0.0,32.0,77.0,13.0,33.0
06/06/2015,61.0,O3,156,6.0,0.0,36.0,61.0,16.0,45.0
06/07/2015,50.0,O3,157,8.0,0.0,18.0,50.0,15.0,48.0
06/08/2015,43.0,PM2.5,158,3.0,0.0,8.0,40.0,14.0,43.0
06/09/2015,38.0,PM2.5,159,2.0,0.0,16.0,36.0,12.0,38.0
06/10/2015,47.0,O3,160,2.0,0.0,10.0,47.0,17.0,45.0
06/11/2015,48.0,PM2.5,161,3.0,0.0,,44.0,14.0,48.0
06/12/2015,25.0,O3,162,3.0,0.0,,25.0,14.0,24.0
06/13/2015,51.0,PM2.5,163,2.0,0.0,,35.0,28.0,51.0
06/14/2015,53.0,PM2.5,164,6.0,0.0,,34.0,28.0,53.0
06/15/2015,77.0,O3,165,7.0,0.0,,77.0,33.0,60.0
06/16/2015,63.0,PM2.5,166,7.0,1.0,31.0,47.0,35.0,63.0
06/17/2015,61.0,O3,167,6.0,0.0,32.0,61.0,34.0,60.0
06/18/2015,50.0,PM2.5,168,5.0,1.0,20.0,48.0,26.0,50.0
06/19/2015,40.0,PM2.5,169,5.0,0.0,13.0,31.0,21.0,40.0
06/20/2015,45.0,PM2.5,170,2.0,0.0,7.0,21.0,28.0,45.0
06/21/2015,56.0,PM2.5,171,2.0,0.0,16.0,32.0,34.0,56.0
06/22/2015,54.0,PM2.5,172,3.0,0.0,31.0,45.0,30.0,54.0
06/23/2015,80.0,PM2.5,173,6.0,1.0,22.0,27.0,64.0,80.0
06/24/2015,79.0,PM2.5,174,3.0,1.0,22.0,44.0,49.0,79.0
06/25/2015,71.0,O3,175,3.0,1.0,29.0,71.0,23.0,48.0
06/26/2015,57.0,PM2.5,176,5.0,3.0,20.0,44.0,31.0,57.0
06/27/2015,38.0,PM2.5,177,2.0,0.0,19.0,24.0,19.0,38.0
06/28/2015,44.0,O3,178,3.0,0.0,27.0,44.0,13.0,30.0
06/29/2015,49.0,O3,179,6.0,0.0,21.0,49.0,19.0,48.0
06/30/2015,49.0,PM2.5,180,3.0,0.0,17.0,40.0,19.0,49.0
07/01/2015,59.0,PM2.5,181,3.0,0.0,14.0,34.0,26.0,59.0
07/02/2015,50.0,PM2.5,182,3.0,1.0,13.0,23.0,31.0,50.0
07/03/2015,59.0,PM2.5,183,2.0,0.0,9.0,21.0,42.0,59.0
07/04/2015,41.0,PM2.5,184,2.0,0.0,7.0,24.0,26.0,41.0
07/05/2015,32.0,O3,185,3.0,0.0,19.0,32.0,15.0,28.0
07/06/2015,51.0,PM2.5,186,3.0,0.0,17.0,31.0,24.0,51.0
07/07/2015,62.0,PM2.5,187,5.0,1.0,15.0,31.0,49.0,62.0
07/08/2015,64.0,PM2.5,188,6.0,0.0,22.0,31.0,51.0,64.0
07/09/2015,66.0,PM2.5,189,6.0,0.0,27.0,34.0,50.0,66.0
07/10/2015,71.0,PM2.5,190,6.0,1.0,17.0,48.0,49.0,71.0
07/11/2015,60.0,PM2.5,191,3.0,0.0,18.0,33.0,35.0,60.0
07/12/2015,55.0,PM2.5,192,5.0,0.0,18.0,33.0,31.0,55.0
07/13/2015,53.0,PM2.5,193,3.0,0.0,29.0,41.0,26.0,53.0
07/14/2015,42.0,PM2.5,194,3.0,0.0,20.0,35.0,21.0,42.0
07/15/2015,39.0,O3,195,3.0,0.0,25.0,39.0,19.0,35.0
07/16/2015,64.0,O3,196,6.0,0.0,30.0,64.0,22.0,42.0
07/17/2015,74.0,O3,197,6.0,0.0,21.0,74.0,23.0,51.0
07/18/2015,100.0,O3,198,6.0,1.0,16.0,100.0,24.0,53.0
07/19/2015,39.0,PM2.5,199,6.0,0.0,16.0,30.0,22.0,39.0
07/20/2015,48.0,PM2.5,200,3.0,0.0,13.0,40.0,21.0,48.0
07/21/2015,48.0,PM2.5,201,3.0,0.0,17.0,28.0,22.0,48.0
07/22/2015,51.0,O3,202,3.0,0.0,23.0,51.0,19.0,39.0
07/23/2015,36.0,PM2.5,203,3.0,0.0,17.0,26.0,17.0,36.0
07/24/2015,41.0,O3,204,3.0,0.0,21.0,41.0,16.0,28.0
07/25/2015,37.0,PM2.5,205,3.0,0.0,12.0,36.0,16.0,37.0
07/26/2015,55.0,PM2.5,206,6.0,0.0,28.0,48.0,22.0,55.0
07/27/2015,74.0,O3,207,7.0,0.0,21.0,74.0,24.0,59.0
07/28/2015,74.0,O3,208,6.0,0.0,25.0,74.0,22.0,52.0
07/29/2015,61.0,O3,209,6.0,0.0,18.0,61.0,23.0,54.0
07/30/2015,84.0,O3,210,5.0,0.0,26.0,84.0,21.0,52.0
07/31/2015,47.0,O3,211,3.0,0.0,16.0,47.0,14.0,44.0
08/01/2015,46.0,O3,212,6.0,0.0,31.0,46.0,19.0,43.0
08/02/2015,64.0,O3,213,7.0,0.0,21.0,64.0,17.0,44.0
08/03/2015,105.0,O3,214,3.0,0.0,19.0,105.0,21.0,50.0
08/04/2015,150.0,O3,215,6.0,1.0,42.0,150.0,21.0,46.0
08/05/2015,71.0,O3,216,5.0,3.0,23.0,71.0,26.0,56.0
08/06/2015,45.0,PM2.5,217,2.0,0.0,15.0,33.0,26.0,45.0
08/07/2015,37.0,O3,218,3.0,0.0,18.0,37.0,18.0,28.0
08/08/2015,47.0,O3,219,5.0,0.0,19.0,47.0,16.0,31.0
08/09/2015,42.0,O3,220,7.0,0.0,17.0,42.0,,40.0
08/10/2015,43.0,PM2.5,221,5.0,0.0,14.0,40.0,22.0,43.0
08/11/2015,39.0,O3,222,2.0,0.0,22.0,39.0,22.0,39.0
08/12/2015,45.0,O3,223,3.0,0.0,30.0,45.0,16.0,38.0
08/13/2015,46.0,PM2.5,224,5.0,0.0,24.0,40.0,20.0,46.0
08/14/2015,42.0,PM2.5,225,5.0,0.0,29.0,41.0,19.0,42.0
08/15/2015,45.0,PM2.5,226,5.0,,,,,45.0
08/16/2015,37.0,PM2.5,227,,,,,,37.0
08/17/2015,20.0,PM2.5,228,,,,,,20.0
08/18/2015,19.0,O3,229,2.0,,,19.0,15.0,17.0
08/19/2015,21.0,PM2.5,230,2.0,,6.0,19.0,18.0,21.0
08/20/2015,26.0,O3,231,3.0,0.0,16.0,26.0,19.0,26.0
08/21/2015,39.0,O3,232,5.0,0.0,23.0,39.0,20.0,33.0
08/22/2015,64.0,O3,233,6.0,0.0,10.0,64.0,20.0,41.0
08/23/2015,31.0,O3,234,3.0,0.0,14.0,31.0,10.0,14.0
08/24/2015,42.0,PM2.5,235,5.0,0.0,13.0,39.0,22.0,42.0
08/25/2015,47.0,O3,236,3.0,0.0,20.0,47.0,16.0,32.0
08/26/2015,47.0,O3,237,3.0,0.0,31.0,47.0,15.0,34.0
08/27/2015,52.0,PM2.5,238,3.0,0.0,30.0,43.0,19.0,52.0
08/28/2015,49.0,PM2.5,239,3.0,0.0,15.0,34.0,19.0,49.0
08/29/2015,40.0,PM2.5,240,3.0,0.0,13.0,34.0,19.0,40.0
08/30/2015,34.0,PM2.5,241,3.0,0.0,6.0,26.0,16.0,34.0
08/31/2015,31.0,O3,242,3.0,0.0,15.0,31.0,15.0,29.0
09/01/2015,51.0,O3,243,8.0,0.0,20.0,51.0,20.0,33.0
09/02/2015,74.0,O3,244,7.0,3.0,26.0,74.0,22.0,47.0
09/03/2015,55.0,PM2.5,245,8.0,0.0,22.0,32.0,23.0,55.0
09/04/2015,58.0,O3,246,7.0,0.0,25.0,58.0,26.0,54.0
09/05/2015,52.0,PM2.5,247,7.0,0.0,9.0,45.0,22.0,52.0
09/06/2015,48.0,PM2.5,248,5.0,0.0,16.0,30.0,24.0,48.0
09/07/2015,31.0,PM2.5,249,7.0,0.0,8.0,23.0,16.0,31.0
09/08/2015,24.0,O3,250,5.0,0.0,9.0,24.0,13.0,23.0
09/09/2015,24.0,O3,251,2.0,0.0,15.0,24.0,12.0,22.0
09/10/2015,35.0,PM2.5,252,3.0,0.0,14.0,29.0,17.0,35.0
09/11/2015,41.0,PM2.5,253,3.0,0.0,11.0,38.0,20.0,41.0
09/12/2015,29.0,O3,254,2.0,0.0,11.0,29.0,14.0,28.0
09/13/2015,31.0,O3,255,3.0,0.0,19.0,31.0,10.0,18.0
09/14/2015,37.0,O3,256,6.0,0.0,17.0,37.0,10.0,28.0
09/15/2015,39.0,O3,257,6.0,0.0,19.0,39.0,13.0,34.0
09/16/2015,37.0,O3,258,7.0,0.0,12.0,37.0,15.0,33.0
09/17/2015,44.0,O3,259,5.0,0.0,26.0,44.0,16.0,40.0
09/18/2015,41.0,O3,260,6.0,0.0,26.0,41.0,13.0,40.0
09/19/2015,64.0,O3,261,9.0,0.0,29.0,64.0,13.0,44.0
09/20/2015,56.0,PM2.5,262,9.0,0.0,22.0,51.0,19.0,56.0
09/21/2015,36.0,PM2.5,263,3.0,0.0,15.0,19.0,11.0,36.0
09/22/2015,32.0,PM2.5,264,3.0,0.0,14.0,27.0,13.0,32.0
09/23/2015,30.0,O3,265,3.0,0.0,24.0,30.0,11.0,25.0
09/24/2015,23.0,NO2,266,5.0,0.0,23.0,23.0,11.0,21.0
09/25/2015,21.0,O3,267,3.0,0.0,9.0,21.0,3.0,6.0
09/26/2015,13.0,O3,268,3.0,0.0,5.0,13.0,3.0,7.0
09/27/2015,14.0,O3,269,2.0,0.0,2.0,14.0,4.0,4.0
09/28/2015,6.0,O3,270,2.0,0.0,5.0,6.0,5.0,6.0
09/29/2015,6.0,PM10,271,3.0,0.0,,5.0,6.0,6.0
09/30/2015,25.0,O3,272,5.0,0.0,15.0,25.0,11.0,18.0
10/01/2015,13.0,PM2.5,273,2.0,0.0,8.0,11.0,9.0,13.0
10/02/2015,9.0,O3,274,2.0,0.0,7.0,9.0,5.0,3.0
10/03/2015,9.0,NO2,275,2.0,0.0,9.0,8.0,4.0,4.0
10/04/2015,11.0,O3,276,2.0,0.0,6.0,11.0,7.0,6.0
10/05/2015,15.0,O3,277,2.0,0.0,7.0,15.0,7.0,6.0
10/06/2015,29.0,O3,278,7.0,0.0,24.0,29.0,15.0,22.0
10/07/2015,51.0,O3,279,10.0,0.0,25.0,51.0,19.0,40.0
10/08/2015,40.0,PM2.5,280,10.0,0.0,17.0,36.0,17.0,40.0
10/09/2015,43.0,PM2.5,281,8.0,0.0,18.0,29.0,21.0,43.0
10/10/2015,23.0,PM2.5,282,6.0,0.0,10.0,19.0,14.0,23.0
10/11/2015,26.0,O3,283,2.0,0.0,6.0,26.0,12.0,20.0
10/12/2015,33.0,PM2.5,284,5.0,1.0,17.0,32.0,14.0,33.0
10/13/2015,44.0,PM2.5,285,5.0,0.0,27.0,35.0,21.0,44.0
10/14/2015,33.0,O3,286,5.0,0.0,21.0,33.0,18.0,27.0
10/15/2015,41.0,O3,287,10.0,1.0,31.0,41.0,17.0,41.0
10/16/2015,62.0,PM2.5,288,11.0,1.0,19.0,36.0,20.0,62.0
10/17/2015,32.0,O3,289,3.0,0.0,19.0,32.0,10.0,20.0
10/18/2015,33.0,O3,290,3.0,0.0,19.0,33.0,7.0,22.0
10/19/2015,36.0,O3,291,5.0,0.0,16.0,36.0,10.0,30.0
10/20/2015,38.0,O3,292,6.0,0.0,25.0,38.0,12.0,36.0
10/21/2015,51.0,PM2.5,293,9.0,1.0,31.0,40.0,16.0,51.0
10/22/2015,43.0,PM2.5,294,10.0,1.0,23.0,31.0,18.0,43.0
10/23/2015,45.0,PM2.5,295,9.0,0.0,26.0,34.0,12.0,45.0
10/24/2015,52.0,PM2.5,296,11.0,0.0,15.0,30.0,15.0,52.0
10/25/2015,59.0,PM2.5,297,5.0,0.0,8.0,18.0,20.0,59.0
10/26/2015,30.0,PM2.5,298,5.0,0.0,10.0,15.0,10.0,30.0
10/27/2015,12.0,O3,299,2.0,0.0,5.0,12.0,3.0,8.0
10/28/2015,17.0,O3,300,5.0,0.0,16.0,17.0,6.0,15.0
10/29/2015,44.0,PM2.5,301,7.0,0.0,20.0,14.0,16.0,44.0
10/30/2015,27.0,PM2.5,302,7.0,0.0,21.0,24.0,13.0,27.0
10/31/2015,41.0,PM2.5,303,8.0,0.0,8.0,17.0,18.0,41.0
11/01/2015,26.0,PM2.5,304,3.0,0.0,10.0,14.0,15.0,26.0
11/02/2015,14.0,O3,305,3.0,0.0,8.0,14.0,8.0,10.0
11/03/2015,12.0,PM10,306,3.0,0.0,8.0,6.0,12.0,8.0
11/04/2015,15.0,PM10,307,3.0,0.0,7.0,6.0,15.0,15.0
11/05/2015,17.0,PM2.5,308,3.0,0.0,5.0,3.0,16.0,17.0
11/06/2015,18.0,PM2.5,309,3.0,0.0,11.0,9.0,14.0,18.0
11/07/2015,16.0,O3,310,3.0,0.0,11.0,16.0,10.0,13.0
11/08/2015,22.0,O3,311,2.0,0.0,4.0,22.0,9.0,15.0
11/09/2015,19.0,O3,312,2.0,0.0,11.0,19.0,6.0,6.0
11/10/2015,16.0,O3,313,6.0,0.0,14.0,16.0,10.0,15.0
11/11/2015,40.0,PM2.5,314,7.0,1.0,26.0,31.0,18.0,40.0
11/12/2015,26.0,O3,315,6.0,0.0,16.0,26.0,13.0,23.0
11/13/2015,28.0,O3,316,5.0,0.0,26.0,28.0,9.0,19.0
11/14/2015,31.0,O3,317,7.0,0.0,26.0,31.0,8.0,22.0
11/15/2015,47.0,PM2.5,318,11.0,0.0,18.0,30.0,15.0,47.0
11/16/2015,49.0,PM2.5,319,9.0,1.0,24.0,31.0,19.0,49.0
11/17/2015,34.0,PM2.5,320,5.0,0.0,16.0,33.0,14.0,34.0
11/18/2015,24.0,O3,321,2.0,0.0,6.0,24.0,7.0,17.0
11/19/2015,28.0,NO2,322,6.0,0.0,28.0,24.0,8.0,15.0
11/20/2015,36.0,NO2,323,8.0,0.0,36.0,25.0,11.0,24.0
11/21/2015,33.0,PM2.5,324,9.0,0.0,18.0,24.0,15.0,33.0
11/22/2015,26.0,O3,325,5.0,0.0,14.0,26.0,6.0,16.0
11/23/2015,38.0,PM10,326,6.0,0.0,31.0,27.0,38.0,23.0
11/24/2015,43.0,PM2.5,327,11.0,1.0,30.0,29.0,17.0,43.0
11/25/2015,33.0,PM2.5,328,11.0,1.0,20.0,28.0,14.0,33.0
11/26/2015,35.0,O3,329,2.0,0.0,8.0,35.0,11.0,20.0
11/27/2015,33.0,O3,330,6.0,0.0,21.0,33.0,10.0,18.0
11/28/2015,32.0,PM2.5,331,10.0,0.0,24.0,27.0,13.0,32.0
11/29/2015,51.0,PM2.5,332,14.0,0.0,18.0,29.0,17.0,51.0
11/30/2015,36.0,PM2.5,333,5.0,0.0,16.0,24.0,13.0,36.0
12/01/2015,49.0,PM2.5,334,3.0,0.0,11.0,10.0,17.0,49.0
12/02/2015,17.0,O3,335,3.0,1.0,13.0,17.0,6.0,14.0
12/03/2015,29.0,PM2.5,336,5.0,0.0,21.0,16.0,6.0,29.0
12/04/2015,38.0,PM2.5,337,8.0,1.0,30.0,25.0,12.0,38.0
12/05/2015,40.0,PM2.5,338,11.0,1.0,31.0,29.0,13.0,40.0
12/06/2015,33.0,PM2.5,339,6.0,1.0,20.0,30.0,12.0,33.0
12/07/2015,51.0,PM2.5,340,9.0,1.0,33.0,29.0,16.0,51.0
12/08/2015,54.0,PM2.5,341,10.0,1.0,32.0,24.0,18.0,54.0
12/09/2015,56.0,PM2.5,342,14.0,3.0,32.0,31.0,19.0,56.0
12/10/2015,56.0,PM2.5,343,8.0,1.0,25.0,31.0,19.0,56.0
12/11/2015,39.0,PM2.5,344,10.0,0.0,14.0,24.0,14.0,39.0
12/12/2015,45.0,PM2.5,345,10.0,0.0,20.0,27.0,14.0,45.0
12/13/2015,36.0,PM2.5,346,11.0,0.0,8.0,28.0,13.0,36.0
12/14/2015,26.0,NO2,347,3.0,0.0,26.0,26.0,6.0,13.0
12/15/2015,34.0,NO2,348,8.0,0.0,34.0,21.0,8.0,25.0
12/16/2015,44.0,PM2.5,349,15.0,4.0,24.0,31.0,16.0,44.0
12/17/2015,18.0,NO2,350,2.0,1.0,18.0,15.0,6.0,15.0
12/18/2015,22.0,O3,351,2.0,0.0,11.0,22.0,6.0,18.0
12/19/2015,26.0,PM2.5,352,6.0,,25.0,24.0,8.0,26.0
12/20/2015,39.0,PM2.5,353,9.0,,20.0,29.0,12.0,39.0
12/21/2015,29.0,PM2.5,354,3.0,,18.0,19.0,10.0,29.0
12/22/2015,19.0,PM2.5,355,5.0,0.0,14.0,11.0,8.0,19.0
12/23/2015,23.0,O3,356,2.0,0.0,6.0,23.0,4.0,4.0
12/24/2015,22.0,O3,357,2.0,0.0,7.0,22.0,5.0,6.0
12/25/2015,22.0,O3,358,2.0,0.0,4.0,22.0,9.0,12.0
12/26/2015,19.0,O3,359,2.0,0.0,14.0,19.0,12.0,11.0
12/27/2015,19.0,O3,360,3.0,0.0,11.0,19.0,7.0,10.0
12/28/2015,20.0,O3,361,3.0,0.0,3.0,20.0,8.0,13.0
12/29/2015,26.0,O3,362,6.0,0.0,21.0,26.0,11.0,22.0
12/30/2015,28.0,PM2.5,363,9.0,0.0,22.0,6.0,15.0,28.0
12/31/2015,22.0,NO2,364,6.0,0.0,22.0,11.0,12.0,22.0
01/01/2016,29.0,PM2.5,0,,0.0,8.0,20.0,8.0,29.0
01/02/2016,22.0,NO2,1,,0.0,22.0,22.0,7.0,22.0
01/03/2016,26.0,O3,2,,0.0,13.0,26.0,7.0,17.0
01/04/2016,24.0,O3,3,2.0,0.0,13.0,24.0,5.0,17.0
01/05/2016,28.0,O3,4,3.0,0.0,24.0,28.0,5.0,13.0
01/06/2016,23.0,O3,5,2.0,0.0,22.0,23.0,7.0,19.0
01/07/2016,26.0,O3,6,2.0,0.0,15.0,26.0,7.0,18.0
01/08/2016,25.0,PM2.5,7,3.0,0.0,15.0,17.0,6.0,25.0
01/09/2016,19.0,PM2.5,8,3.0,0.0,7.0,13.0,5.0,19.0
01/10/2016,20.0,O3,9,2.0,0.0,8.0,20.0,1.0,12.0
01/11/2016,31.0,NO2,10,6.0,0.0,31.0,19.0,5.0,19.0
01/12/2016,32.0,PM2.5,11,11.0,1.0,27.0,27.0,11.0,32.0
01/13/2016,35.0,NO2,12,5.0,0.0,35.0,29.0,4.0,19.0
01/14/2016,71.0,PM2.5,13,11.0,1.0,32.0,33.0,17.0,71.0
01/15/2016,33.0,PM2.5,14,7.0,0.0,27.0,18.0,10.0,33.0
01/16/2016,27.0,O3,15,3.0,0.0,24.0,27.0,7.0,14.0
01/17/2016,30.0,PM2.5,16,3.0,0.0,10.0,23.0,7.0,30.0
01/18/2016,29.0,O3,17,2.0,0.0,20.0,29.0,5.0,20.0
01/19/2016,28.0,NO2,18,3.0,0.0,28.0,24.0,5.0,18.0
01/20/2016,48.0,PM2.5,19,5.0,0.0,28.0,13.0,16.0,48.0
01/21/2016,55.0,PM2.5,20,6.0,0.0,21.0,21.0,18.0,55.0
01/22/2016,22.0,O3,21,3.0,0.0,12.0,22.0,2.0,15.0
01/23/2016,27.0,O3,22,3.0,0.0,6.0,27.0,5.0,23.0
01/24/2016,51.0,PM2.5,23,8.0,1.0,34.0,24.0,13.0,51.0
01/25/2016,57.0,PM2.5,24,16.0,1.0,30.0,35.0,19.0,57.0
01/26/2016,67.0,PM2.5,25,9.0,1.0,39.0,17.0,18.0,67.0
01/27/2016,37.0,PM2.5,26,6.0,0.0,23.0,6.0,11.0,37.0
01/28/2016,34.0,NO2,27,5.0,0.0,34.0,11.0,10.0,30.0
01/29/2016,35.0,NO2,28,6.0,3.0,35.0,29.0,7.0,23.0
01/30/2016,41.0,O3,29,10.0,0.0,29.0,41.0,11.0,38.0
01/31/2016,44.0,PM2.5,30,11.0,0.0,26.0,38.0,14.0,44.0
02/01/2016,38.0,PM2.5,31,5.0,0.0,17.0,2.0,14.0,38.0
02/02/2016,33.0,PM2.5,32,7.0,0.0,17.0,32.0,11.0,33.0
02/03/2016,22.0,NO2,33,5.0,0.0,22.0,22.0,8.0,21.0
02/04/2016,26.0,O3,34,5.0,1.0,16.0,26.0,5.0,13.0
02/05/2016,32.0,O3,35,3.0,0.0,30.0,32.0,4.0,15.0
02/06/2016,37.0,PM2.5,36,9.0,0.0,34.0,34.0,10.0,37.0
02/07/2016,38.0,O3,37,8.0,0.0,36.0,38.0,12.0,37.0
02/08/2016,31.0,O3,38,6.0,1.0,28.0,31.0,8.0,27.0
02/09/2016,38.0,PM2.5,39,3.0,0.0,8.0,25.0,5.0,38.0
02/10/2016,31.0,O3,40,2.0,1.0,8.0,31.0,4.0,17.0
02/11/2016,43.0,NO2,41,3.0,3.0,43.0,27.0,10.0,33.0
02/12/2016,40.0,PM2.5,42,6.0,1.0,31.0,39.0,12.0,40.0
02/13/2016,33.0,O3,43,2.0,0.0,8.0,33.0,6.0,28.0
02/14/2016,40.0,O3,44,2.0,0.0,14.0,40.0,9.0,32.0
02/15/2016,27.0,O3,45,2.0,0.0,7.0,27.0,12.0,25.0
02/16/2016,32.0,O3,46,3.0,7.0,14.0,32.0,0.0,9.0
02/17/2016,25.0,O3,47,2.0,0.0,12.0,25.0,4.0,14.0
02/18/2016,32.0,O3,48,6.0,0.0,30.0,32.0,10.0,30.0
02/19/2016,45.0,PM2.5,49,8.0,0.0,37.0,41.0,16.0,45.0
02/20/2016,56.0,PM2.5,50,9.0,0.0,30.0,30.0,19.0,56.0
02/21/2016,45.0,PM2.5,51,11.0,0.0,11.0,25.0,16.0,45.0
02/22/2016,26.0,PM2.5,52,3.0,0.0,22.0,15.0,10.0,26.0
02/23/2016,21.0,O3,53,3.0,0.0,14.0,21.0,6.0,17.0
02/24/2016,27.0,O3,54,3.0,0.0,2.0,27.0,,
02/25/2016,30.0,O3,55,3.0,6.0,8.0,30.0,,
02/26/2016,31.0,O3,56,3.0,0.0,27.0,31.0,6.0,15.0
02/27/2016,35.0,O3,57,5.0,0.0,28.0,35.0,6.0,23.0
02/28/2016,48.0,PM2.5,58,11.0,1.0,25.0,47.0,13.0,48.0
02/29/2016,42.0,NO2,59,5.0,0.0,42.0,2.0,9.0,40.0
03/01/2016,42.0,O3,60,9.0,0.0,28.0,42.0,15.0,41.0
03/02/2016,28.0,NO2,61,3.0,21.0,28.0,28.0,4.0,18.0
03/03/2016,28.0,PM2.5,62,5.0,0.0,25.0,19.0,6.0,28.0
03/04/2016,27.0,O3,63,3.0,0.0,18.0,27.0,6.0,18.0
03/05/2016,33.0,O3,64,7.0,1.0,31.0,33.0,7.0,26.0
03/06/2016,42.0,O3,65,6.0,0.0,36.0,42.0,9.0,27.0
03/07/2016,47.0,PM2.5,66,8.0,1.0,40.0,44.0,14.0,47.0
03/08/2016,54.0,PM2.5,67,9.0,0.0,36.0,44.0,23.0,54.0
03/09/2016,40.0,O3,68,6.0,0.0,28.0,40.0,19.0,40.0
03/10/2016,40.0,PM2.5,69,2.0,0.0,10.0,37.0,20.0,40.0
03/11/2016,35.0,O3,70,5.0,0.0,25.0,35.0,15.0,31.0
03/12/2016,51.0,PM2.5,71,7.0,0.0,20.0,35.0,22.0,51.0
03/13/2016,34.0,NO2,72,3.0,0.0,34.0,34.0,13.0,32.0
03/14/2016,36.0,O3,73,7.0,0.0,32.0,36.0,14.0,34.0
03/15/2016,48.0,O3,74,7.0,0.0,25.0,48.0,19.0,45.0
03/16/2016,44.0,O3,75,5.0,0.0,43.0,44.0,17.0,43.0
03/17/2016,43.0,O3,76,8.0,1.0,32.0,43.0,18.0,39.0
03/18/2016,54.0,O3,77,7.0,0.0,42.0,54.0,21.0,48.0
03/19/2016,35.0,O3,78,2.0,0.0,15.0,35.0,10.0,19.0
03/20/2016,36.0,O3,79,2.0,0.0,4.0,36.0,12.0,26.0
03/21/2016,36.0,O3,80,2.0,0.0,29.0,36.0,10.0,23.0
03/22/2016,55.0,PM2.5,81,6.0,1.0,33.0,45.0,23.0,55.0
03/23/2016,55.0,PM2.5,82,5.0,0.0,34.0,46.0,26.0,55.0
03/24/2016,37.0,O3,83,5.0,1.0,36.0,37.0,28.0,
03/25/2016,39.0,PM2.5,84,5.0,0.0,33.0,34.0,21.0,39.0
03/26/2016,55.0,PM2.5,85,8.0,0.0,27.0,7.0,19.0,55.0
03/27/2016,34.0,PM2.5,86,3.0,0.0,11.0,13.0,15.0,34.0
03/28/2016,36.0,O3,87,3.0,0.0,30.0,36.0,15.0,21.0
03/29/2016,44.0,O3,88,5.0,0.0,40.0,44.0,10.0,24.0
03/30/2016,48.0,O3,89,7.0,1.0,27.0,48.0,18.0,47.0
03/31/2016,33.0,PM2.5,90,2.0,0.0,4.0,31.0,15.0,33.0
04/01/2016,21.0,O3,91,3.0,0.0,11.0,21.0,7.0,20.0
04/02/2016,38.0,O3,92,3.0,0.0,8.0,38.0,10.0,
04/03/2016,43.0,O3,93,5.0,0.0,33.0,43.0,6.0,19.0
04/04/2016,43.0,O3,94,9.0,1.0,37.0,43.0,14.0,40.0
04/05/2016,37.0,O3,95,3.0,0.0,26.0,37.0,11.0,
04/06/2016,39.0,O3,96,3.0,0.0,18.0,39.0,17.0,36.0
04/07/2016,33.0,O3,97,2.0,0.0,23.0,33.0,11.0,
04/08/2016,33.0,O3,98,2.0,0.0,19.0,33.0,7.0,17.0
04/09/2016,40.0,O3,99,3.0,0.0,29.0,40.0,7.0,
04/10/2016,58.0,PM2.5,100,7.0,0.0,21.0,41.0,18.0,58.0
04/11/2016,42.0,PM2.5,101,5.0,0.0,21.0,35.0,18.0,42.0
04/12/2016,31.0,O3,102,5.0,0.0,20.0,31.0,10.0,26.0
04/13/2016,30.0,O3,103,3.0,0.0,24.0,30.0,11.0,29.0
04/14/2016,37.0,O3,104,2.0,0.0,11.0,37.0,15.0,37.0
04/15/2016,42.0,O3,105,2.0,0.0,10.0,42.0,15.0,25.0
04/16/2016,43.0,O3,106,2.0,0.0,13.0,43.0,15.0,27.0
04/17/2016,50.0,O3,107,6.0,0.0,38.0,50.0,12.0,30.0
04/18/2016,61.0,O3,108,9.0,0.0,41.0,61.0,17.0,49.0
04/19/2016,100.0,O3,109,9.0,0.0,44.0,100.0,24.0,64.0
04/20/2016,84.0,O3,110,8.0,0.0,40.0,84.0,26.0,60.0
04/21/2016,53.0,PM2.5,111,5.0,0.0,28.0,43.0,22.0,53.0
04/22/2016,31.0,O3,112,3.0,0.0,9.0,31.0,12.0,31.0
04/23/2016,40.0,O3,113,3.0,0.0,18.0,40.0,11.0,30.0
04/24/2016,47.0,O3,114,5.0,0.0,23.0,47.0,10.0,37.0
04/25/2016,48.0,O3,115,6.0,0.0,18.0,48.0,15.0,39.0
04/26/2016,47.0,PM2.5,116,3.0,0.0,20.0,45.0,17.0,47.0
04/27/2016,52.0,PM2.5,117,7.0,0.0,20.0,40.0,17.0,52.0
04/28/2016,50.0,PM2.5,118,3.0,0.0,34.0,44.0,21.0,50.0
04/29/2016,112.0,O3,119,7.0,0.0,45.0,112.0,19.0,45.0
04/30/2016,54.0,PM2.5,120,9.0,0.0,27.0,42.0,20.0,54.0
05/01/2016,31.0,PM2.5,121,3.0,0.0,11.0,30.0,16.0,31.0
05/02/2016,32.0,O3,122,5.0,0.0,8.0,32.0,15.0,32.0
05/03/2016,33.0,O3,123,2.0,0.0,25.0,33.0,11.0,29.0
05/04/2016,42.0,O3,124,2.0,0.0,13.0,42.0,10.0,24.0
05/05/2016,36.0,O3,125,2.0,0.0,6.0,36.0,8.0,13.0
05/06/2016,37.0,O3,126,2.0,0.0,29.0,37.0,10.0,20.0
05/07/2016,50.0,O3,127,5.0,1.0,24.0,50.0,16.0,33.0
05/08/2016,54.0,O3,128,5.0,0.0,42.0,54.0,19.0,40.0
05/09/2016,51.0,O3,129,7.0,0.0,29.0,51.0,22.0,47.0
05/10/2016,45.0,O3,130,3.0,0.0,18.0,45.0,20.0,45.0
05/11/2016,54.0,PM2.5,131,3.0,0.0,17.0,45.0,23.0,54.0
05/12/2016,50.0,PM2.5,132,5.0,0.0,24.0,42.0,25.0,50.0
05/13/2016,44.0,O3,133,3.0,0.0,28.0,44.0,15.0,25.0
05/14/2016,47.0,O3,134,5.0,0.0,24.0,47.0,15.0,29.0
05/15/2016,44.0,O3,135,2.0,0.0,29.0,44.0,10.0,19.0
05/16/2016,45.0,O3,136,3.0,0.0,25.0,45.0,13.0,29.0
05/17/2016,34.0,O3,137,2.0,0.0,14.0,34.0,15.0,33.0
05/18/2016,38.0,O3,138,2.0,0.0,9.0,38.0,14.0,32.0
05/19/2016,27.0,O3,139,3.0,0.0,11.0,27.0,14.0,21.0
05/20/2016,12.0,PM2.5,140,2.0,0.0,5.0,11.0,7.0,12.0
05/21/2016,34.0,O3,141,2.0,0.0,4.0,34.0,12.0,21.0
05/22/2016,44.0,O3,142,2.0,0.0,13.0,44.0,12.0,24.0
05/23/2016,71.0,O3,143,5.0,3.0,45.0,71.0,19.0,45.0
05/24/2016,112.0,O3,144,7.0,0.0,45.0,112.0,25.0,64.0
05/25/2016,93.0,O3,145,7.0,1.0,39.0,93.0,28.0,56.0
05/26/2016,71.0,O3,146,8.0,1.0,31.0,71.0,26.0,59.0
05/27/2016,53.0,PM2.5,147,3.0,0.0,20.0,50.0,21.0,53.0
05/28/2016,48.0,O3,148,3.0,0.0,27.0,48.0,19.0,38.0
05/29/2016,44.0,O3,149,7.0,4.0,20.0,44.0,17.0,36.0
05/30/2016,58.0,O3,150,5.0,3.0,34.0,58.0,16.0,45.0
05/31/2016,84.0,O3,151,6.0,0.0,27.0,84.0,19.0,45.0
06/01/2016,48.0,O3,152,3.0,0.0,12.0,48.0,15.0,37.0
06/02/2016,45.0,O3,153,5.0,0.0,16.0,45.0,15.0,40.0
06/03/2016,44.0,O3,154,5.0,0.0,25.0,44.0,14.0,36.0
06/04/2016,33.0,PM2.5,155,6.0,0.0,15.0,29.0,10.0,33.0
06/05/2016,24.0,O3,156,2.0,0.0,6.0,24.0,4.0,17.0
06/06/2016,26.0,PM2.5,157,2.0,0.0,15.0,19.0,5.0,26.0
06/07/2016,49.0,O3,158,3.0,1.0,26.0,49.0,11.0,30.0
06/08/2016,67.0,O3,159,3.0,0.0,41.0,67.0,13.0,30.0
06/09/2016,100.0,O3,160,7.0,0.0,42.0,100.0,19.0,48.0
06/10/2016,140.0,O3,161,7.0,0.0,39.0,140.0,22.0,51.0
06/11/2016,126.0,O3,162,7.0,0.0,35.0,126.0,31.0,61.0
06/12/2016,56.0,PM2.5,163,3.0,0.0,28.0,39.0,19.0,56.0
06/13/2016,112.0,O3,164,5.0,0.0,35.0,112.0,23.0,64.0
06/14/2016,74.0,O3,165,6.0,1.0,35.0,74.0,23.0,61.0
06/15/2016,33.0,PM2.5,166,5.0,0.0,16.0,29.0,15.0,33.0
06/16/2016,47.0,O3,167,3.0,0.0,14.0,47.0,12.0,33.0
06/17/2016,48.0,PM2.5,168,3.0,0.0,17.0,33.0,18.0,48.0
06/18/2016,33.0,O3,169,2.0,0.0,15.0,33.0,15.0,15.0
06/19/2016,37.0,O3,170,2.0,0.0,24.0,37.0,14.0,24.0
06/20/2016,84.0,O3,171,7.0,0.0,30.0,84.0,19.0,41.0
06/21/2016,77.0,O3,172,6.0,1.0,27.0,77.0,23.0,45.0
06/22/2016,48.0,PM2.5,173,3.0,0.0,39.0,47.0,26.0,48.0
06/23/2016,52.0,PM2.5,174,3.0,1.0,29.0,47.0,26.0,52.0
06/24/2016,45.0,PM2.5,175,3.0,1.0,33.0,44.0,22.0,45.0
06/25/2016,77.0,O3,176,7.0,1.0,27.0,77.0,28.0,52.0
06/26/2016,43.0,O3,177,3.0,0.0,12.0,43.0,19.0,43.0
06/27/2016,80.0,O3,178,3.0,1.0,17.0,80.0,19.0,37.0
06/28/2016,45.0,O3,179,3.0,0.0,15.0,45.0,16.0,38.0
06/29/2016,90.0,O3,180,6.0,0.0,20.0,90.0,23.0,41.0
06/30/2016,143.0,O3,181,3.0,0.0,20.0,143.0,21.0,48.0
07/01/2016,87.0,O3,182,3.0,1.0,38.0,87.0,16.0,35.0
07/02/2016,80.0,O3,183,8.0,0.0,31.0,80.0,22.0,49.0
07/03/2016,58.0,O3,184,7.0,0.0,24.0,58.0,23.0,
07/04/2016,51.0,PM2.5,185,3.0,0.0,7.0,36.0,19.0,51.0
07/05/2016,42.0,PM2.5,186,3.0,0.0,16.0,19.0,20.0,42.0
07/06/2016,31.0,PM2.5,187,3.0,0.0,15.0,22.0,19.0,31.0
07/07/2016,34.0,PM2.5,188,2.0,0.0,15.0,27.0,19.0,34.0
07/08/2016,44.0,PM2.5,189,2.0,1.0,20.0,31.0,18.0,44.0
07/09/2016,43.0,PM2.5,190,3.0,0.0,15.0,32.0,19.0,43.0
07/10/2016,50.0,O3,191,2.0,0.0,16.0,50.0,15.0,35.0
07/11/2016,39.0,O3,192,2.0,3.0,13.0,39.0,16.0,33.0
07/12/2016,41.0,O3,193,2.0,0.0,13.0,41.0,25.0,38.0
07/13/2016,48.0,O3,194,2.0,0.0,29.0,48.0,21.0,25.0
07/14/2016,49.0,O3,195,2.0,0.0,21.0,49.0,19.0,31.0
07/15/2016,43.0,O3,196,2.0,1.0,27.0,43.0,16.0,28.0
07/16/2016,40.0,O3,197,5.0,0.0,25.0,40.0,19.0,40.0
07/17/2016,34.0,O3,198,3.0,0.0,8.0,34.0,15.0,28.0
07/18/2016,44.0,O3,199,3.0,0.0,12.0,44.0,19.0,27.0
07/19/2016,71.0,O3,200,7.0,0.0,24.0,71.0,26.0,33.0
07/20/2016,101.0,O3,201,3.0,0.0,14.0,101.0,27.0,40.0
07/21/2016,49.0,O3,202,3.0,0.0,20.0,49.0,23.0,35.0
07/22/2016,77.0,O3,203,2.0,0.0,13.0,77.0,21.0,29.0
07/23/2016,39.0,O3,204,5.0,0.0,12.0,39.0,17.0,39.0
07/24/2016,38.0,PM2.5,205,6.0,1.0,22.0,36.0,16.0,38.0
07/25/2016,74.0,O3,206,7.0,0.0,18.0,74.0,20.0,41.0
07/26/2016,44.0,O3,207,3.0,1.0,25.0,44.0,18.0,32.0
07/27/2016,31.0,O3,208,1.0,1.0,14.0,31.0,13.0,24.0
07/28/2016,43.0,PM2.5,209,2.0,1.0,19.0,26.0,25.0,43.0
07/29/2016,35.0,PM2.5,210,3.0,0.0,24.0,29.0,17.0,35.0
07/30/2016,33.0,PM2.5,211,3.0,0.0,13.0,25.0,17.0,33.0
07/31/2016,48.0,O3,212,5.0,0.0,10.0,48.0,23.0,37.0
08/01/2016,51.0,O3,213,3.0,0.0,8.0,51.0,20.0,33.0
08/02/2016,35.0,PM2.5,214,3.0,0.0,12.0,31.0,21.0,35.0
08/03/2016,74.0,O3,215,3.0,0.0,32.0,74.0,23.0,41.0
08/04/2016,42.0,O3,216,3.0,0.0,19.0,42.0,17.0,39.0
08/05/2016,71.0,O3,217,5.0,0.0,12.0,71.0,19.0,46.0
08/06/2016,54.0,O3,218,3.0,0.0,17.0,54.0,20.0,53.0
08/07/2016,46.0,PM2.5,219,5.0,0.0,16.0,39.0,16.0,46.0
08/08/2016,32.0,O3,220,5.0,0.0,9.0,32.0,11.0,28.0
08/09/2016,27.0,O3,221,2.0,0.0,3.0,27.0,10.0,22.0
08/10/2016,20.0,O3,222,1.0,0.0,3.0,20.0,15.0,18.0
08/11/2016,22.0,O3,223,1.0,0.0,5.0,22.0,16.0,21.0
08/12/2016,26.0,O3,224,1.0,0.0,7.0,26.0,12.0,17.0
08/13/2016,23.0,O3,225,1.0,0.0,6.0,23.0,13.0,14.0
08/14/2016,28.0,O3,226,2.0,0.0,18.0,28.0,11.0,19.0
08/15/2016,35.0,O3,227,2.0,0.0,17.0,35.0,12.0,12.0
08/16/2016,28.0,O3,228,3.0,0.0,16.0,28.0,17.0,22.0
08/17/2016,49.0,O3,229,3.0,1.0,19.0,49.0,18.0,27.0
08/18/2016,47.0,O3,230,3.0,0.0,20.0,47.0,20.0,25.0
08/19/2016,30.0,O3,231,5.0,0.0,13.0,30.0,19.0,25.0
08/20/2016,27.0,O3,232,5.0,0.0,10.0,27.0,16.0,24.0
08/21/2016,28.0,PM2.5,233,2.0,0.0,14.0,18.0,19.0,28.0
08/22/2016,44.0,O3,234,5.0,0.0,35.0,44.0,19.0,31.0
08/23/2016,84.0,O3,235,7.0,0.0,16.0,84.0,19.0,41.0
08/24/2016,34.0,PM2.5,236,3.0,0.0,13.0,21.0,23.0,34.0
08/25/2016,80.0,O3,237,6.0,1.0,22.0,80.0,30.0,44.0
08/26/2016,46.0,O3,238,7.0,0.0,16.0,46.0,26.0,46.0
08/27/2016,41.0,PM2.5,239,3.0,0.0,10.0,35.0,21.0,41.0
08/28/2016,43.0,PM2.5,240,3.0,0.0,10.0,37.0,20.0,43.0
08/29/2016,45.0,PM2.5,241,3.0,0.0,13.0,40.0,20.0,45.0
08/30/2016,39.0,PM2.5,242,3.0,0.0,16.0,35.0,20.0,39.0
08/31/2016,42.0,O3,243,5.0,0.0,19.0,42.0,19.0,34.0
09/01/2016,36.0,O3,244,5.0,0.0,14.0,36.0,14.0,25.0
09/02/2016,29.0,PM2.5,245,2.0,0.0,6.0,23.0,14.0,29.0
09/03/2016,29.0,O3,246,2.0,0.0,11.0,29.0,15.0,25.0
09/04/2016,33.0,PM2.5,247,5.0,0.0,12.0,31.0,16.0,33.0
09/05/2016,36.0,O3,248,6.0,0.0,20.0,36.0,16.0,35.0
09/06/2016,64.0,O3,249,9.0,0.0,36.0,64.0,19.0,47.0
09/07/2016,64.0,O3,250,7.0,0.0,51.0,64.0,24.0,54.0
09/08/2016,67.0,O3,251,7.0,0.0,37.0,67.0,25.0,54.0
09/09/2016,58.0,PM2.5,252,6.0,1.0,40.0,54.0,28.0,58.0
09/10/2016,56.0,PM2.5,253,8.0,0.0,27.0,45.0,26.0,56.0
09/11/2016,44.0,O3,254,6.0,0.0,16.0,44.0,19.0,33.0
09/12/2016,42.0,O3,255,2.0,0.0,12.0,42.0,19.0,36.0
09/13/2016,34.0,O3,256,2.0,0.0,14.0,34.0,15.0,30.0
09/14/2016,36.0,O3,257,3.0,0.0,31.0,36.0,14.0,21.0
09/15/2016,47.0,O3,258,6.0,0.0,25.0,47.0,18.0,31.0
09/16/2016,42.0,O3,259,5.0,0.0,22.0,42.0,20.0,39.0
09/17/2016,38.0,PM2.5,260,3.0,0.0,14.0,33.0,19.0,38.0
09/18/2016,23.0,PM2.5,261,3.0,0.0,6.0,11.0,16.0,23.0
09/19/2016,30.0,O3,262,3.0,0.0,20.0,30.0,16.0,23.0
09/20/2016,41.0,O3,263,6.0,0.0,36.0,41.0,17.0,27.0
09/21/2016,46.0,O3,264,8.0,0.0,33.0,46.0,18.0,34.0
09/22/2016,38.0,O3,265,5.0,0.0,30.0,38.0,14.0,26.0
09/23/2016,40.0,O3,266,6.0,0.0,32.0,40.0,15.0,28.0
09/24/2016,74.0,O3,267,10.0,1.0,36.0,74.0,19.0,41.0
09/25/2016,48.0,O3,268,10.0,0.0,12.0,48.0,18.0,44.0
09/26/2016,45.0,PM2.5,269,3.0,0.0,17.0,44.0,20.0,45.0
09/27/2016,38.0,O3,270,3.0,1.0,20.0,38.0,19.0,35.0
09/28/2016,44.0,O3,271,5.0,0.0,30.0,44.0,20.0,35.0
09/29/2016,34.0,O3,272,6.0,0.0,19.0,34.0,15.0,29.0
09/30/2016,37.0,O3,273,5.0,0.0,29.0,37.0,13.0,28.0
10/01/2016,46.0,O3,274,8.0,1.0,20.0,46.0,18.0,42.0
10/02/2016,58.0,O3,275,8.0,0.0,36.0,58.0,19.0,52.0
10/03/2016,55.0,PM2.5,276,8.0,0.0,42.0,54.0,22.0,55.0
10/04/2016,45.0,PM2.5,277,5.0,0.0,14.0,44.0,19.0,45.0
10/05/2016,45.0,O3,278,2.0,0.0,15.0,45.0,15.0,23.0
10/06/2016,35.0,O3,279,1.0,0.0,11.0,35.0,15.0,30.0
10/07/2016,24.0,O3,280,,0.0,8.0,24.0,13.0,24.0
10/08/2016,33.0,O3,281,,0.0,5.0,33.0,15.0,13.0
10/09/2016,38.0,O3,282,,0.0,14.0,38.0,8.0,19.0
10/10/2016,38.0,O3,283,,0.0,25.0,38.0,16.0,13.0
10/11/2016,41.0,PM2.5,284,,0.0,14.0,,12.0,41.0
10/12/2016,35.0,PM2.5,285,,,,,16.0,35.0
10/13/2016,48.0,PM2.5,286,,,,,19.0,48.0
10/14/2016,48.0,PM2.5,287,,,,,20.0,48.0
10/15/2016,42.0,PM2.5,288,,,,,20.0,42.0
10/16/2016,43.0,PM2.5,289,,,,,17.0,43.0
10/17/2016,34.0,PM2.5,290,,,,,15.0,34.0
10/18/2016,44.0,PM2.5,291,,,,,18.0,44.0
10/19/2016,52.0,PM2.5,292,,,,,22.0,52.0
10/20/2016,49.0,PM2.5,293,,,,,20.0,49.0
10/21/2016,26.0,O3,294,,,,26.0,10.0,18.0
10/22/2016,31.0,O3,295,,,,31.0,8.0,19.0
10/23/2016,41.0,O3,296,,,,41.0,15.0,32.0
10/24/2016,49.0,PM2.5,297,,4.0,,42.0,19.0,49.0
10/25/2016,49.0,PM2.5,298,6.0,0.0,,44.0,18.0,49.0
10/26/2016,50.0,PM2.5,299,7.0,0.0,,45.0,20.0,50.0
10/27/2016,47.0,PM2.5,300,5.0,0.0,,42.0,21.0,47.0
10/28/2016,60.0,PM2.5,301,8.0,0.0,46.0,46.0,22.0,60.0
10/29/2016,62.0,PM2.5,302,14.0,0.0,56.0,61.0,21.0,62.0
10/30/2016,61.0,PM2.5,303,13.0,0.0,39.0,45.0,20.0,61.0
10/31/2016,56.0,PM2.5,304,10.0,0.0,54.0,48.0,19.0,56.0
11/01/2016,58.0,PM2.5,305,11.0,0.0,40.0,44.0,25.0,58.0
11/02/2016,46.0,PM2.5,306,7.0,0.0,35.0,32.0,26.0,46.0
11/03/2016,49.0,PM2.5,307,10.0,0.0,37.0,35.0,21.0,49.0
11/04/2016,40.0,PM2.5,308,6.0,0.0,30.0,37.0,18.0,40.0
11/05/2016,41.0,NO2,309,,0.0,41.0,37.0,14.0,35.0
11/06/2016,47.0,PM2.5,310,,0.0,38.0,41.0,17.0,47.0
11/07/2016,41.0,O3,311,,0.0,36.0,41.0,13.0,39.0
11/08/2016,40.0,PM2.5,312,,0.0,37.0,35.0,16.0,40.0
11/09/2016,64.0,PM2.5,313,,0.0,24.0,33.0,26.0,64.0
11/10/2016,77.0,PM2.5,314,,1.0,45.0,31.0,31.0,77.0
11/11/2016,75.0,PM2.5,315,,3.0,34.0,33.0,23.0,75.0
11/12/2016,33.0,PM2.5,316,,0.0,24.0,30.0,13.0,33.0
11/13/2016,36.0,PM2.5,317,,0.0,13.0,31.0,9.0,36.0
11/14/2016,130.0,PM2.5,318,,1.0,48.0,36.0,53.0,130.0
11/15/2016,95.0,PM2.5,319,,0.0,42.0,37.0,40.0,95.0
11/16/2016,63.0,PM2.5,320,,1.0,40.0,38.0,19.0,63.0
11/17/2016,54.0,PM2.5,321,,1.0,49.0,34.0,22.0,54.0
11/18/2016,59.0,PM2.5,322,,1.0,48.0,40.0,23.0,59.0
11/19/2016,50.0,PM2.5,323,,0.0,35.0,30.0,17.0,50.0
11/20/2016,32.0,O3,324,,0.0,27.0,32.0,6.0,12.0
11/21/2016,27.0,O3,325,,0.0,20.0,27.0,9.0,19.0
11/22/2016,52.0,PM2.5,326,,1.0,41.0,37.0,17.0,52.0
11/23/2016,52.0,PM2.5,327,,0.0,32.0,41.0,21.0,52.0
11/24/2016,40.0,PM2.5,328,,1.0,30.0,37.0,18.0,40.0
11/25/2016,48.0,PM2.5,329,,0.0,17.0,32.0,13.0,48.0
11/26/2016,35.0,PM2.5,330,,0.0,23.0,25.0,9.0,35.0
11/27/2016,43.0,PM2.5,331,,0.0,23.0,32.0,13.0,43.0
11/28/2016,36.0,O3,332,2.0,0.0,23.0,36.0,19.0,34.0
11/29/2016,26.0,O3,333,3.0,0.0,14.0,26.0,15.0,23.0
11/30/2016,21.0,O3,334,5.0,0.0,14.0,21.0,19.0,18.0
12/01/2016,27.0,NO2,335,6.0,0.0,27.0,24.0,7.0,23.0
12/02/2016,34.0,NO2,336,6.0,0.0,34.0,27.0,7.0,23.0
12/03/2016,37.0,PM2.5,337,9.0,0.0,22.0,21.0,14.0,37.0
12/04/2016,25.0,PM2.5,338,3.0,0.0,8.0,19.0,9.0,25.0
12/05/2016,21.0,NO2,339,5.0,0.0,21.0,13.0,7.0,18.0
12/06/2016,18.0,NO2,340,5.0,0.0,18.0,12.0,4.0,8.0
12/07/2016,22.0,NO2,341,3.0,1.0,22.0,17.0,6.0,22.0
12/08/2016,21.0,O3,342,3.0,0.0,14.0,21.0,6.0,19.0
12/09/2016,23.0,NO2,343,2.0,0.0,23.0,19.0,5.0,18.0
12/10/2016,46.0,PM2.5,344,8.0,0.0,29.0,24.0,10.0,46.0
12/11/2016,56.0,PM2.5,345,13.0,0.0,26.0,21.0,14.0,56.0
12/12/2016,41.0,PM2.5,346,3.0,0.0,26.0,13.0,12.0,41.0
12/13/2016,37.0,PM2.5,347,,0.0,22.0,5.0,11.0,37.0
12/14/2016,31.0,NO2,348,,0.0,31.0,14.0,8.0,29.0
12/15/2016,56.0,PM2.5,349,,0.0,25.0,26.0,4.0,56.0
12/16/2016,58.0,PM2.5,350,,0.0,34.0,28.0,6.0,58.0
12/17/2016,44.0,PM2.5,351,,0.0,19.0,20.0,21.0,44.0
12/18/2016,45.0,PM2.5,352,,0.0,11.0,22.0,7.0,45.0
12/19/2016,63.0,PM2.5,353,,0.0,15.0,8.0,14.0,63.0
12/20/2016,35.0,PM2.5,354,,0.0,23.0,14.0,11.0,35.0
12/21/2016,74.0,PM2.5,355,,1.0,36.0,19.0,20.0,74.0
12/22/2016,68.0,PM2.5,356,,1.0,30.0,29.0,17.0,68.0
12/23/2016,61.0,PM2.5,357,,0.0,26.0,34.0,13.0,61.0
12/24/2016,52.0,PM2.5,358,,0.0,21.0,32.0,19.0,52.0
12/25/2016,67.0,PM2.5,359,,0.0,14.0,29.0,21.0,67.0
12/26/2016,43.0,PM2.5,360,2.0,0.0,6.0,19.0,15.0,43.0
12/27/2016,34.0,PM2.5,361,3.0,0.0,12.0,13.0,9.0,34.0
12/28/2016,51.0,PM2.5,362,5.0,0.0,23.0,18.0,12.0,51.0
12/29/2016,31.0,O3,363,5.0,0.0,8.0,31.0,6.0,22.0
12/30/2016,38.0,PM2.5,364,2.0,0.0,30.0,31.0,3.0,38.0
12/31/2016,61.0,PM2.5,365,10.0,0.0,30.0,19.0,12.0,61.0
01/01/2017,35.0,PM2.5,0,3.0,0.0,8.0,15.0,10.0,35.0
01/02/2017,28.0,PM2.5,1,5.0,0.0,16.0,7.0,6.0,28.0
01/03/2017,32.0,PM2.5,2,5.0,0.0,22.0,19.0,5.0,32.0
01/04/2017,18.0,PM2.5,3,3.0,0.0,13.0,15.0,5.0,18.0
01/05/2017,52.0,PM2.5,4,5.0,0.0,23.0,19.0,8.0,52.0
01/06/2017,60.0,PM2.5,5,2.0,0.0,14.0,15.0,11.0,60.0
01/07/2017,36.0,PM2.5,6,2.0,0.0,7.0,25.0,9.0,36.0
01/08/2017,68.0,PM2.5,7,3.0,0.0,17.0,29.0,9.0,68.0
01/09/2017,72.0,PM2.5,8,5.0,0.0,30.0,31.0,13.0,72.0
01/10/2017,60.0,PM2.5,9,5.0,0.0,41.0,34.0,12.0,60.0
01/11/2017,51.0,PM2.5,10,3.0,0.0,29.0,35.0,10.0,51.0
01/12/2017,60.0,PM2.5,11,6.0,0.0,32.0,34.0,17.0,60.0
01/13/2017,53.0,PM2.5,12,11.0,1.0,33.0,23.0,19.0,53.0
01/14/2017,58.0,PM2.5,13,16.0,0.0,31.0,25.0,21.0,58.0
01/15/2017,63.0,PM2.5,14,14.0,0.0,34.0,31.0,20.0,63.0
01/16/2017,59.0,PM2.5,15,11.0,0.0,17.0,24.0,20.0,59.0
01/17/2017,48.0,NO2,16,5.0,1.0,48.0,30.0,17.0,47.0
01/18/2017,43.0,PM2.5,17,5.0,0.0,26.0,25.0,13.0,43.0
01/19/2017,47.0,PM2.5,18,7.0,0.0,22.0,29.0,16.0,47.0
01/20/2017,33.0,PM2.5,19,5.0,0.0,21.0,25.0,9.0,33.0
01/21/2017,21.0,PM2.5,20,7.0,0.0,12.0,19.0,8.0,21.0
01/22/2017,37.0,O3,21,6.0,0.0,7.0,37.0,4.0,10.0
01/23/2017,32.0,PM2.5,22,2.0,0.0,10.0,31.0,5.0,32.0
01/24/2017,45.0,PM2.5,23,6.0,1.0,30.0,26.0,10.0,45.0
01/25/2017,39.0,O3,24,11.0,1.0,28.0,39.0,17.0,36.0
01/26/2017,32.0,O3,25,3.0,0.0,9.0,32.0,,
01/27/2017,27.0,O3,26,2.0,0.0,16.0,27.0,,
01/28/2017,37.0,O3,27,2.0,1.0,13.0,37.0,,14.0
01/29/2017,34.0,O3,28,2.0,1.0,12.0,34.0,,
01/30/2017,39.0,NO2,29,6.0,0.0,39.0,34.0,,
01/31/2017,51.0,PM2.5,30,10.0,3.0,48.0,43.0,,51.0
02/01/2017,42.0,NO2,31,5.0,1.0,42.0,34.0,,
02/02/2017,34.0,NO2,32,9.0,1.0,34.0,25.0,,
02/03/2017,29.0,O3,33,3.0,0.0,16.0,29.0,,23.0
02/04/2017,39.0,O3,34,2.0,0.0,25.0,39.0,6.0,32.0
02/05/2017,56.0,PM2.5,35,3.0,0.0,16.0,23.0,14.0,56.0
02/06/2017,52.0,PM2.5,36,5.0,0.0,27.0,15.0,16.0,52.0
02/07/2017,36.0,NO2,37,,1.0,36.0,28.0,14.0,33.0
02/08/2017,23.0,NO2,38,,0.0,23.0,19.0,9.0,15.0
02/09/2017,29.0,O3,39,,0.0,8.0,29.0,5.0,16.0
02/10/2017,39.0,PM2.5,40,,0.0,29.0,36.0,8.0,39.0
02/11/2017,49.0,PM2.5,41,,0.0,31.0,32.0,20.0,49.0
02/12/2017,50.0,PM2.5,42,,0.0,8.0,30.0,19.0,50.0
02/13/2017,35.0,NO2,43,,0.0,35.0,31.0,8.0,19.0
02/14/2017,45.0,NO2,44,,1.0,45.0,37.0,16.0,44.0
02/15/2017,36.0,O3,45,,0.0,32.0,36.0,9.0,32.0
02/16/2017,36.0,NO2,46,,1.0,36.0,36.0,7.0,25.0
02/17/2017,50.0,PM2.5,47,,0.0,42.0,42.0,,50.0
02/18/2017,57.0,PM2.5,48,,0.0,33.0,33.0,,57.0
02/19/2017,38.0,O3,49,,0.0,26.0,38.0,,33.0
02/20/2017,44.0,PM2.5,50,,0.0,35.0,43.0,,44.0
02/21/2017,54.0,PM2.5,51,,0.0,43.0,37.0,,54.0
02/22/2017,42.0,PM2.5,52,,0.0,9.0,28.0,,42.0
02/23/2017,39.0,O3,53,,0.0,28.0,39.0,19.0,34.0
02/24/2017,39.0,O3,54,,0.0,24.0,39.0,14.0,33.0
02/25/2017,39.0,O3,55,,0.0,5.0,39.0,,21.0
02/26/2017,41.0,O3,56,,0.0,33.0,41.0,,24.0
02/27/2017,43.0,NO2,57,5.0,1.0,43.0,23.0,,37.0
02/28/2017,40.0,PM2.5,58,5.0,0.0,19.0,32.0,,40.0
03/01/2017,38.0,PM2.5,59,,0.0,8.0,30.0,12.0,38.0
03/02/2017,37.0,NO2,60,,0.0,37.0,35.0,4.0,14.0
03/03/2017,38.0,O3,61,,0.0,31.0,38.0,6.0,20.0
03/04/2017,44.0,O3,62,,0.0,37.0,44.0,8.0,33.0
03/05/2017,50.0,O3,63,,0.0,30.0,50.0,18.0,50.0
03/06/2017,47.0,O3,64,,0.0,8.0,47.0,17.0,41.0
03/07/2017,39.0,O3,65,2.0,0.0,34.0,39.0,15.0,35.0
03/08/2017,40.0,O3,66,3.0,0.0,37.0,40.0,14.0,22.0
03/09/2017,46.0,O3,67,8.0,0.0,42.0,46.0,18.0,31.0
03/10/2017,39.0,O3,68,6.0,0.0,35.0,39.0,7.0,23.0
03/11/2017,35.0,O3,69,3.0,0.0,18.0,35.0,5.0,17.0
03/12/2017,31.0,O3,70,3.0,0.0,9.0,31.0,3.0,19.0
03/13/2017,28.0,O3,71,2.0,0.0,11.0,28.0,6.0,28.0
03/14/2017,26.0,O3,72,2.0,0.0,10.0,26.0,5.0,23.0
03/15/2017,37.0,O3,73,3.0,0.0,23.0,37.0,6.0,18.0
03/16/2017,38.0,O3,74,3.0,1.0,35.0,38.0,7.0,25.0
03/17/2017,52.0,PM2.5,75,9.0,1.0,38.0,45.0,18.0,52.0
03/18/2017,45.0,PM2.5,76,,0.0,10.0,38.0,12.0,45.0
03/19/2017,35.0,O3,77,,0.0,30.0,35.0,2.0,16.0
03/20/2017,42.0,O3,78,,0.0,41.0,42.0,14.0,35.0
03/21/2017,58.0,PM2.5,79,,1.0,32.0,48.0,22.0,58.0
03/22/2017,31.0,PM2.5,80,,0.0,26.0,29.0,10.0,31.0
03/23/2017,45.0,O3,81,,0.0,16.0,45.0,15.0,34.0
03/24/2017,46.0,O3,82,,0.0,5.0,46.0,22.0,40.0
03/25/2017,43.0,O3,83,,0.0,8.0,43.0,19.0,27.0
03/26/2017,40.0,O3,84,,0.0,27.0,40.0,12.0,28.0
03/27/2017,42.0,PM2.5,85,2.0,0.0,17.0,35.0,14.0,42.0
03/28/2017,35.0,O3,86,5.0,0.0,29.0,35.0,11.0,34.0
03/29/2017,58.0,O3,87,7.0,0.0,19.0,58.0,19.0,55.0
03/30/2017,48.0,PM2.5,88,5.0,0.0,16.0,41.0,17.0,48.0
03/31/2017,41.0,O3,89,3.0,0.0,11.0,41.0,3.0,17.0
04/01/2017,46.0,O3,90,3.0,0.0,20.0,46.0,3.0,13.0
04/02/2017,46.0,O3,91,6.0,0.0,19.0,46.0,8.0,30.0
04/03/2017,37.0,O3,92,3.0,0.0,11.0,37.0,9.0,31.0
04/04/2017,47.0,O3,93,5.0,0.0,30.0,47.0,9.0,29.0
04/05/2017,30.0,O3,94,7.0,0.0,25.0,30.0,6.0,25.0
04/06/2017,36.0,O3,95,3.0,0.0,12.0,36.0,4.0,8.0
04/07/2017,41.0,O3,96,3.0,0.0,10.0,41.0,4.0,9.0
04/08/2017,54.0,O3,97,6.0,0.0,36.0,54.0,6.0,21.0
04/09/2017,71.0,O3,98,11.0,0.0,37.0,71.0,13.0,38.0
04/10/2017,64.0,O3,99,8.0,0.0,35.0,64.0,13.0,41.0
04/11/2017,61.0,O3,100,7.0,1.0,33.0,61.0,21.0,54.0
04/12/2017,62.0,PM2.5,101,8.0,1.0,35.0,49.0,25.0,62.0
04/13/2017,58.0,O3,102,9.0,0.0,39.0,58.0,20.0,56.0
04/14/2017,58.0,PM2.5,103,,0.0,27.0,54.0,24.0,58.0
04/15/2017,48.0,O3,104,,0.0,20.0,48.0,16.0,39.0
04/16/2017,46.0,PM2.5,105,,0.0,23.0,45.0,19.0,46.0
04/17/2017,47.0,PM2.5,106,5.0,0.0,22.0,31.0,16.0,47.0
04/18/2017,39.0,O3,107,6.0,0.0,15.0,39.0,13.0,36.0
04/19/2017,35.0,PM2.5,108,3.0,0.0,8.0,22.0,17.0,35.0
04/20/2017,42.0,PM2.5,109,5.0,0.0,23.0,40.0,18.0,42.0
04/21/2017,50.0,PM2.5,110,8.0,0.0,22.0,43.0,19.0,50.0
04/22/2017,44.0,O3,111,5.0,0.0,22.0,44.0,15.0,38.0
04/23/2017,31.0,O3,112,2.0,0.0,4.0,31.0,3.0,11.0
04/24/2017,12.0,O3,113,3.0,0.0,10.0,12.0,0.0,8.0
04/25/2017,38.0,O3,114,5.0,0.0,23.0,38.0,6.0,20.0
04/26/2017,48.0,O3,115,8.0,0.0,15.0,48.0,11.0,39.0
04/27/2017,38.0,PM2.5,116,3.0,0.0,14.0,33.0,14.0,38.0
04/28/2017,44.0,PM2.5,117,3.0,0.0,7.0,30.0,16.0,44.0
04/29/2017,56.0,PM2.5,118,3.0,0.0,7.0,35.0,22.0,56.0
04/30/2017,34.0,PM2.5,119,2.0,0.0,6.0,27.0,14.0,34.0
05/01/2017,39.0,O3,120,2.0,0.0,14.0,39.0,9.0,18.0
05/02/2017,46.0,O3,121,3.0,0.0,36.0,46.0,9.0,0.0
05/03/2017,58.0,O3,122,7.0,0.0,23.0,58.0,12.0,33.0
05/04/2017,39.0,PM2.5,123,3.0,0.0,8.0,31.0,9.0,39.0
05/05/2017,29.0,O3,124,2.0,0.0,8.0,29.0,0.0,7.0
05/06/2017,45.0,O3,125,2.0,0.0,4.0,45.0,9.0,20.0
05/07/2017,43.0,O3,126,3.0,0.0,21.0,43.0,6.0,20.0
05/08/2017,50.0,O3,127,5.0,0.0,30.0,50.0,14.0,31.0
05/09/2017,58.0,O3,128,6.0,1.0,36.0,58.0,23.0,45.0
05/10/2017,71.0,O3,129,5.0,1.0,33.0,71.0,21.0,55.0
05/11/2017,52.0,PM2.5,130,5.0,0.0,28.0,48.0,19.0,52.0
05/12/2017,48.0,PM2.5,131,3.0,0.0,19.0,39.0,19.0,48.0
05/13/2017,44.0,O3,132,5.0,0.0,14.0,44.0,8.0,24.0
05/14/2017,58.0,O3,133,6.0,0.0,27.0,58.0,11.0,29.0
05/15/2017,143.0,O3,134,8.0,0.0,34.0,143.0,17.0,44.0
05/16/2017,61.0,O3,135,7.0,0.0,25.0,61.0,19.0,42.0
05/17/2017,46.0,O3,136,3.0,0.0,28.0,46.0,19.0,37.0
05/18/2017,40.0,O3,137,2.0,0.0,13.0,40.0,21.0,38.0
05/19/2017,49.0,O3,138,2.0,0.0,12.0,49.0,38.0,38.0
05/20/2017,40.0,PM2.5,139,2.0,0.0,10.0,27.0,23.0,40.0
05/21/2017,29.0,O3,140,3.0,0.0,12.0,29.0,12.0,19.0
05/22/2017,31.0,PM2.5,141,6.0,0.0,13.0,20.0,17.0,31.0
05/23/2017,25.0,O3,142,5.0,0.0,12.0,25.0,7.0,17.0
05/24/2017,35.0,O3,143,2.0,0.0,6.0,35.0,6.0,14.0
05/25/2017,33.0,O3,144,2.0,0.0,23.0,33.0,7.0,16.0
05/26/2017,46.0,O3,145,5.0,0.0,18.0,46.0,,30.0
05/27/2017,45.0,PM2.5,146,6.0,0.0,20.0,44.0,,45.0
05/28/2017,35.0,O3,147,3.0,0.0,14.0,35.0,,22.0
05/29/2017,35.0,O3,148,5.0,0.0,11.0,35.0,17.0,27.0
05/30/2017,24.0,PM2.5,149,5.0,0.0,15.0,21.0,21.0,24.0
05/31/2017,48.0,PM2.5,150,3.0,0.0,13.0,31.0,31.0,48.0
06/01/2017,45.0,O3,151,5.0,0.0,14.0,45.0,29.0,44.0
06/02/2017,93.0,O3,152,5.0,1.0,33.0,93.0,21.0,36.0
06/03/2017,58.0,O3,153,8.0,0.0,25.0,58.0,26.0,47.0
06/04/2017,37.0,PM2.5,154,6.0,0.0,12.0,24.0,17.0,37.0
06/05/2017,26.0,PM2.5,155,2.0,0.0,8.0,16.0,15.0,26.0
06/06/2017,25.0,PM2.5,156,3.0,0.0,8.0,20.0,15.0,25.0
06/07/2017,41.0,O3,157,3.0,0.0,8.0,41.0,16.0,26.0
06/08/2017,49.0,O3,158,3.0,0.0,29.0,49.0,19.0,39.0
06/09/2017,49.0,O3,159,6.0,0.0,26.0,49.0,22.0,45.0
06/10/2017,49.0,O3,160,7.0,0.0,18.0,49.0,21.0,47.0
06/11/2017,33.0,PM2.5,161,5.0,0.0,20.0,31.0,19.0,33.0
06/12/2017,30.0,PM2.5,162,2.0,0.0,15.0,29.0,,30.0
06/13/2017,50.0,O3,163,6.0,0.0,12.0,50.0,,30.0
06/14/2017,77.0,O3,164,3.0,0.0,15.0,77.0,,33.0
06/15/2017,61.0,O3,165,3.0,0.0,15.0,61.0,,31.0
06/16/2017,58.0,O3,166,2.0,0.0,11.0,58.0,,27.0
06/17/2017,37.0,O3,167,2.0,0.0,10.0,37.0,13.0,29.0
06/18/2017,15.0,O3,168,2.0,0.0,5.0,15.0,,
06/19/2017,29.0,PM2.5,169,5.0,0.0,10.0,27.0,16.0,29.0
06/20/2017,20.0,PM2.5,170,2.0,0.0,9.0,15.0,12.0,20.0
06/21/2017,15.0,PM10,171,1.0,0.0,5.0,12.0,15.0,0.0
06/22/2017,23.0,PM2.5,172,2.0,0.0,7.0,14.0,22.0,23.0
06/23/2017,34.0,PM2.5,173,2.0,0.0,5.0,16.0,27.0,34.0
06/24/2017,35.0,PM2.5,174,2.0,0.0,7.0,20.0,15.0,35.0
06/25/2017,25.0,O3,175,5.0,0.0,8.0,25.0,17.0,19.0
06/26/2017,50.0,O3,176,3.0,0.0,,50.0,14.0,28.0
06/27/2017,44.0,O3,177,6.0,0.0,,44.0,13.0,28.0
06/28/2017,44.0,O3,178,3.0,0.0,3.0,44.0,15.0,35.0
06/29/2017,31.0,PM2.5,179,3.0,0.0,13.0,30.0,16.0,31.0
06/30/2017,19.0,PM2.5,180,2.0,0.0,8.0,13.0,15.0,19.0
07/01/2017,34.0,PM2.5,181,2.0,0.0,8.0,21.0,28.0,34.0
07/02/2017,34.0,O3,182,3.0,0.0,7.0,34.0,19.0,32.0
07/03/2017,38.0,PM2.5,183,3.0,0.0,16.0,29.0,20.0,38.0
07/04/2017,65.0,PM2.5,184,5.0,0.0,10.0,24.0,36.0,65.0
07/05/2017,78.0,PM2.5,185,6.0,0.0,,28.0,44.0,78.0
07/06/2017,32.0,PM2.5,186,9.0,0.0,,31.0,19.0,32.0
07/07/2017,30.0,O3,187,3.0,0.0,,30.0,16.0,30.0
07/08/2017,38.0,O3,188,3.0,0.0,,38.0,16.0,35.0
07/09/2017,41.0,O3,189,5.0,0.0,,41.0,15.0,30.0
07/10/2017,67.0,O3,190,5.0,0.0,,67.0,22.0,35.0
07/11/2017,35.0,PM2.5,191,3.0,0.0,,34.0,19.0,35.0
07/12/2017,41.0,O3,192,3.0,0.0,14.0,41.0,17.0,33.0
07/13/2017,45.0,O3,193,6.0,0.0,17.0,45.0,17.0,33.0
07/14/2017,34.0,O3,194,5.0,0.0,14.0,34.0,21.0,31.0
07/15/2017,36.0,O3,195,6.0,0.0,16.0,36.0,19.0,25.0
07/16/2017,30.0,O3,196,5.0,0.0,11.0,30.0,13.0,24.0
07/17/2017,46.0,O3,197,3.0,0.0,16.0,46.0,12.0,22.0
07/18/2017,44.0,O3,198,6.0,0.0,24.0,44.0,19.0,30.0
07/19/2017,67.0,O3,199,7.0,0.0,26.0,67.0,19.0,48.0
07/20/2017,55.0,PM2.5,200,7.0,0.0,19.0,45.0,23.0,55.0
07/21/2017,93.0,O3,201,6.0,0.0,17.0,93.0,24.0,58.0
07/22/2017,56.0,PM2.5,202,5.0,0.0,15.0,48.0,21.0,56.0
07/23/2017,52.0,PM2.5,203,5.0,0.0,12.0,38.0,20.0,52.0
07/24/2017,38.0,O3,204,3.0,0.0,15.0,38.0,19.0,36.0
07/25/2017,50.0,O3,205,5.0,0.0,19.0,50.0,20.0,39.0
07/26/2017,77.0,O3,206,7.0,0.0,15.0,77.0,22.0,51.0
07/27/2017,71.0,O3,207,3.0,0.0,8.0,71.0,17.0,33.0
07/28/2017,52.0,PM2.5,208,3.0,0.0,11.0,23.0,26.0,52.0
07/29/2017,38.0,O3,209,3.0,0.0,6.0,38.0,15.0,32.0
07/30/2017,34.0,O3,210,3.0,0.0,24.0,34.0,12.0,21.0
07/31/2017,42.0,O3,211,7.0,0.0,25.0,42.0,13.0,27.0
08/01/2017,51.0,O3,212,7.0,0.0,25.0,51.0,17.0,37.0
08/02/2017,45.0,PM2.5,213,7.0,0.0,20.0,43.0,19.0,45.0
08/03/2017,43.0,PM2.5,214,6.0,0.0,16.0,35.0,19.0,43.0
08/04/2017,39.0,O3,215,2.0,0.0,9.0,39.0,11.0,23.0
08/05/2017,46.0,O3,216,3.0,0.0,18.0,46.0,17.0,36.0
08/06/2017,33.0,PM2.5,217,6.0,0.0,13.0,27.0,17.0,33.0
08/07/2017,36.0,PM2.5,218,3.0,0.0,9.0,14.0,29.0,36.0
08/08/2017,30.0,PM2.5,219,3.0,0.0,17.0,24.0,19.0,30.0
08/09/2017,21.0,PM2.5,220,5.0,0.0,13.0,19.0,15.0,21.0
08/10/2017,27.0,PM2.5,221,2.0,0.0,4.0,22.0,19.0,27.0
08/11/2017,31.0,O3,222,2.0,0.0,9.0,31.0,16.0,18.0
08/12/2017,33.0,O3,223,5.0,0.0,8.0,33.0,18.0,28.0
08/13/2017,38.0,O3,224,5.0,0.0,15.0,38.0,17.0,34.0
08/14/2017,50.0,O3,225,7.0,0.0,10.0,50.0,19.0,44.0
08/15/2017,28.0,PM2.5,226,3.0,0.0,15.0,27.0,16.0,28.0
08/16/2017,43.0,O3,227,5.0,1.0,12.0,43.0,15.0,29.0
08/17/2017,31.0,PM2.5,228,5.0,0.0,20.0,28.0,17.0,31.0
08/18/2017,39.0,O3,229,3.0,0.0,25.0,39.0,24.0,38.0
08/19/2017,97.0,O3,230,5.0,0.0,28.0,97.0,21.0,49.0
08/20/2017,97.0,O3,231,9.0,0.0,19.0,97.0,23.0,58.0
08/21/2017,54.0,PM2.5,232,8.0,0.0,15.0,39.0,21.0,54.0
08/22/2017,67.0,O3,233,3.0,0.0,15.0,67.0,19.0,42.0
08/23/2017,44.0,O3,234,3.0,1.0,18.0,44.0,17.0,41.0
08/24/2017,90.0,O3,235,3.0,0.0,16.0,90.0,19.0,38.0
08/25/2017,44.0,PM2.5,236,3.0,0.0,23.0,43.0,18.0,44.0
08/26/2017,46.0,PM2.5,237,5.0,0.0,21.0,39.0,18.0,46.0
08/27/2017,43.0,PM2.5,238,7.0,0.0,14.0,39.0,18.0,43.0
08/28/2017,43.0,O3,239,2.0,0.0,6.0,43.0,19.0,38.0
08/29/2017,37.0,O3,240,5.0,0.0,8.0,37.0,16.0,27.0
08/30/2017,28.0,PM2.5,241,5.0,0.0,8.0,17.0,16.0,28.0
08/31/2017,21.0,PM2.5,242,2.0,0.0,6.0,19.0,15.0,21.0
09/01/2017,31.0,O3,243,2.0,0.0,9.0,31.0,14.0,23.0
09/02/2017,40.0,O3,244,3.0,0.0,17.0,40.0,13.0,27.0
09/03/2017,49.0,PM2.5,245,6.0,0.0,20.0,45.0,19.0,49.0
09/04/2017,54.0,PM2.5,246,8.0,0.0,16.0,42.0,19.0,54.0
09/05/2017,56.0,PM2.5,247,7.0,0.0,16.0,39.0,23.0,56.0
09/06/2017,39.0,PM2.5,248,3.0,0.0,16.0,29.0,22.0,39.0
09/07/2017,47.0,O3,249,5.0,0.0,26.0,47.0,16.0,28.0
09/08/2017,46.0,O3,250,7.0,0.0,21.0,46.0,17.0,38.0
09/09/2017,39.0,O3,251,5.0,0.0,8.0,39.0,15.0,29.0
09/10/2017,31.0,O3,252,3.0,0.0,3.0,31.0,13.0,26.0
09/11/2017,19.0,O3,253,2.0,0.0,2.0,19.0,,
09/12/2017,16.0,O3,254,5.0,0.0,3.0,16.0,,
09/13/2017,44.0,PM2.5,255,5.0,0.0,19.0,38.0,19.0,44.0
09/14/2017,52.0,PM2.5,256,7.0,1.0,20.0,35.0,25.0,52.0
09/15/2017,60.0,PM2.5,257,9.0,0.0,18.0,58.0,28.0,60.0
09/16/2017,57.0,PM2.5,258,9.0,0.0,13.0,39.0,26.0,57.0
09/17/2017,57.0,PM2.5,259,9.0,0.0,18.0,47.0,24.0,57.0
09/18/2017,54.0,PM2.5,260,9.0,0.0,25.0,49.0,24.0,54.0
09/19/2017,84.0,O3,261,8.0,0.0,31.0,84.0,26.0,56.0
09/20/2017,67.0,O3,262,8.0,0.0,24.0,67.0,24.0,55.0
09/21/2017,51.0,PM2.5,263,8.0,0.0,21.0,49.0,21.0,51.0
09/22/2017,45.0,O3,264,5.0,0.0,12.0,45.0,20.0,43.0
09/23/2017,52.0,PM2.5,265,8.0,0.0,20.0,46.0,21.0,52.0
09/24/2017,50.0,PM2.5,266,9.0,0.0,17.0,36.0,20.0,50.0
09/25/2017,44.0,O3,267,7.0,0.0,31.0,44.0,19.0,44.0
09/26/2017,51.0,PM2.5,268,8.0,0.0,28.0,45.0,22.0,51.0
09/27/2017,47.0,PM2.5,269,7.0,0.0,27.0,44.0,20.0,47.0
09/28/2017,93.0,O3,270,7.0,0.0,29.0,93.0,22.0,52.0
09/29/2017,64.0,O3,271,6.0,0.0,30.0,64.0,23.0,52.0
09/30/2017,44.0,O3,272,5.0,0.0,11.0,44.0,19.0,30.0
10/01/2017,33.0,O3,273,3.0,0.0,4.0,33.0,12.0,13.0
10/02/2017,37.0,O3,274,2.0,0.0,8.0,37.0,16.0,26.0
10/03/2017,39.0,O3,275,2.0,0.0,13.0,39.0,16.0,24.0
10/04/2017,40.0,O3,276,5.0,0.0,26.0,40.0,16.0,27.0
10/05/2017,39.0,O3,277,6.0,0.0,27.0,39.0,18.0,36.0
10/06/2017,32.0,O3,278,7.0,0.0,13.0,32.0,17.0,29.0
10/07/2017,19.0,O3,279,2.0,0.0,4.0,19.0,10.0,18.0
10/08/2017,20.0,PM2.5,280,2.0,0.0,1.0,17.0,15.0,20.0
10/09/2017,19.0,PM10,281,2.0,0.0,5.0,11.0,19.0,16.0
10/10/2017,37.0,PM2.5,282,5.0,0.0,17.0,19.0,21.0,37.0
10/11/2017,51.0,PM2.5,283,8.0,0.0,21.0,27.0,28.0,51.0
10/12/2017,48.0,PM2.5,284,7.0,0.0,36.0,45.0,26.0,48.0
10/13/2017,46.0,PM2.5,285,8.0,0.0,9.0,20.0,21.0,46.0
10/14/2017,33.0,PM2.5,286,2.0,0.0,6.0,23.0,15.0,33.0
10/15/2017,37.0,PM2.5,287,3.0,0.0,8.0,24.0,18.0,37.0
10/16/2017,22.0,O3,288,5.0,0.0,8.0,22.0,11.0,16.0
10/17/2017,34.0,O3,289,5.0,0.0,22.0,34.0,10.0,14.0
10/18/2017,38.0,O3,290,6.0,0.0,19.0,38.0,13.0,28.0
10/19/2017,43.0,O3,291,7.0,0.0,34.0,43.0,15.0,40.0
10/20/2017,45.0,PM2.5,292,10.0,0.0,28.0,39.0,18.0,45.0
10/21/2017,39.0,PM2.5,293,11.0,0.0,15.0,37.0,18.0,39.0
10/22/2017,28.0,O3,294,6.0,0.0,12.0,28.0,12.0,23.0
10/23/2017,31.0,O3,295,2.0,0.0,8.0,31.0,9.0,11.0
10/24/2017,31.0,O3,296,2.0,0.0,24.0,31.0,12.0,17.0
10/25/2017,31.0,O3,297,3.0,0.0,23.0,31.0,13.0,21.0
10/26/2017,31.0,O3,298,6.0,1.0,24.0,31.0,17.0,28.0
10/27/2017,39.0,O3,299,9.0,0.0,14.0,39.0,16.0,36.0
10/28/2017,27.0,O3,300,2.0,0.0,7.0,27.0,12.0,26.0
10/29/2017,27.0,PM2.5,301,2.0,0.0,12.0,18.0,10.0,27.0
10/30/2017,31.0,O3,302,5.0,0.0,24.0,31.0,13.0,28.0
10/31/2017,50.0,PM2.5,303,8.0,1.0,31.0,37.0,19.0,50.0
11/01/2017,53.0,PM2.5,304,11.0,0.0,18.0,37.0,20.0,53.0
11/02/2017,45.0,PM2.5,305,6.0,0.0,21.0,38.0,18.0,45.0
11/03/2017,53.0,PM2.5,306,10.0,0.0,26.0,25.0,19.0,53.0
11/04/2017,49.0,PM2.5,307,10.0,0.0,13.0,24.0,19.0,49.0
11/05/2017,51.0,PM2.5,308,5.0,0.0,8.0,22.0,22.0,51.0
11/06/2017,51.0,PM2.5,309,6.0,0.0,13.0,21.0,23.0,51.0
11/07/2017,52.0,PM2.5,310,6.0,0.0,10.0,22.0,19.0,52.0
11/08/2017,22.0,PM2.5,311,3.0,0.0,10.0,5.0,12.0,22.0
11/09/2017,12.0,PM2.5,312,3.0,0.0,8.0,2.0,9.0,12.0
11/10/2017,26.0,O3,313,5.0,0.0,23.0,26.0,12.0,25.0
11/11/2017,33.0,PM2.5,314,6.0,0.0,12.0,26.0,13.0,33.0
11/12/2017,34.0,PM2.5,315,3.0,0.0,7.0,25.0,13.0,34.0
11/13/2017,39.0,PM2.5,316,5.0,0.0,19.0,24.0,17.0,39.0
11/14/2017,47.0,PM2.5,317,5.0,0.0,18.0,25.0,16.0,47.0
11/15/2017,51.0,PM2.5,318,7.0,0.0,24.0,30.0,19.0,51.0
11/16/2017,45.0,PM2.5,319,8.0,0.0,25.0,27.0,19.0,45.0
11/17/2017,46.0,PM2.5,320,8.0,1.0,22.0,36.0,17.0,46.0
11/18/2017,52.0,PM2.5,321,9.0,0.0,13.0,32.0,19.0,52.0
11/19/2017,24.0,O3,322,2.0,0.0,8.0,24.0,7.0,13.0
11/20/2017,28.0,PM2.5,323,5.0,0.0,25.0,27.0,12.0,28.0
11/21/2017,40.0,PM2.5,324,7.0,0.0,11.0,27.0,17.0,40.0
11/22/2017,40.0,PM2.5,325,6.0,0.0,22.0,29.0,16.0,40.0
11/23/2017,39.0,PM2.5,326,7.0,0.0,20.0,30.0,14.0,39.0
11/24/2017,57.0,PM2.5,327,11.0,0.0,23.0,32.0,20.0,57.0
11/25/2017,58.0,PM2.5,328,11.0,1.0,21.0,29.0,22.0,58.0
11/26/2017,32.0,O3,329,5.0,0.0,24.0,32.0,11.0,25.0
11/27/2017,35.0,PM2.5,330,8.0,0.0,32.0,34.0,13.0,35.0
11/28/2017,54.0,PM2.5,331,11.0,,29.0,36.0,20.0,54.0
11/29/2017,61.0,PM2.5,332,8.0,,21.0,13.0,25.0,61.0
11/30/2017,44.0,PM2.5,333,6.0,,18.0,19.0,18.0,44.0
12/01/2017,64.0,PM2.5,334,8.0,,22.0,12.0,27.0,64.0
12/02/2017,70.0,PM2.5,335,14.0,,22.0,25.0,30.0,70.0
12/03/2017,60.0,PM2.5,336,9.0,,18.0,34.0,25.0,60.0
12/04/2017,55.0,PM2.5,337,7.0,,11.0,37.0,22.0,55.0
12/05/2017,47.0,PM2.5,338,3.0,0.0,14.0,28.0,19.0,47.0
12/06/2017,20.0,NO2,339,3.0,0.0,20.0,12.0,9.0,15.0
12/07/2017,23.0,NO2,340,5.0,0.0,23.0,11.0,12.0,23.0
12/08/2017,24.0,PM2.5,341,5.0,0.0,19.0,15.0,9.0,24.0
12/09/2017,30.0,PM2.5,342,3.0,0.0,13.0,24.0,10.0,30.0
12/10/2017,31.0,PM2.5,343,3.0,1.0,21.0,25.0,12.0,31.0
12/11/2017,39.0,PM2.5,344,6.0,1.0,34.0,23.0,15.0,39.0
12/12/2017,27.0,PM2.5,345,7.0,0.0,26.0,24.0,12.0,27.0
12/13/2017,31.0,NO2,346,2.0,1.0,31.0,29.0,9.0,15.0
12/14/2017,38.0,PM2.5,347,5.0,1.0,30.0,23.0,19.0,38.0
12/15/2017,55.0,PM2.5,348,6.0,1.0,23.0,15.0,20.0,55.0
12/16/2017,58.0,PM2.5,349,8.0,0.0,25.0,20.0,23.0,58.0
12/17/2017,73.0,PM2.5,350,15.0,0.0,20.0,5.0,30.0,73.0
12/18/2017,59.0,PM2.5,351,8.0,0.0,15.0,6.0,27.0,59.0
12/19/2017,45.0,PM2.5,352,10.0,0.0,16.0,6.0,19.0,45.0
12/20/2017,14.0,O3,353,6.0,0.0,10.0,14.0,11.0,13.0
12/21/2017,18.0,O3,354,2.0,0.0,5.0,18.0,,
12/23/2017,21.0,PM2.5,356,,,,,,21.0
12/24/2017,8.0,PM2.5,357,,,,,,8.0
12/25/2017,18.0,PM2.5,358,,,,,,18.0
12/26/2017,29.0,PM2.5,359,,,,,,29.0
12/27/2017,35.0,PM2.5,360,,,13.0,13.0,,35.0
12/28/2017,29.0,PM2.5,361,2.0,0.0,17.0,27.0,,29.0
12/29/2017,46.0,PM2.5,362,7.0,0.0,27.0,21.0,,46.0
12/30/2017,55.0,PM2.5,363,11.0,0.0,20.0,30.0,,55.0
12/31/2017,57.0,PM2.5,364,2.0,0.0,8.0,19.0,,57.0
01/01/2018,45.0,PM2.5,0,2.0,0.0,7.0,23.0,,45.0
01/02/2018,44.0,PM2.5,1,6.0,0.0,36.0,25.0,,44.0
01/03/2018,43.0,PM2.5,2,7.0,7.0,30.0,23.0,,43.0
01/04/2018,35.0,PM2.5,3,2.0,4.0,8.0,29.0,,35.0
01/05/2018,40.0,PM2.5,4,3.0,3.0,23.0,29.0,,40.0
01/06/2018,33.0,PM2.5,5,3.0,0.0,30.0,31.0,13.0,33.0
01/07/2018,50.0,PM2.5,6,6.0,0.0,28.0,32.0,19.0,50.0
01/08/2018,45.0,PM2.5,7,3.0,0.0,20.0,24.0,17.0,45.0
01/09/2018,56.0,PM2.5,8,6.0,0.0,29.0,26.0,19.0,56.0
01/10/2018,32.0,O3,9,8.0,0.0,25.0,32.0,11.0,21.0
01/11/2018,21.0,O3,10,3.0,0.0,16.0,21.0,8.0,14.0
01/12/2018,30.0,O3,11,3.0,0.0,8.0,30.0,8.0,11.0
01/13/2018,26.0,O3,12,2.0,0.0,5.0,26.0,8.0,16.0
01/14/2018,30.0,NO2,13,5.0,0.0,30.0,25.0,11.0,30.0
01/15/2018,54.0,PM2.5,14,7.0,0.0,31.0,26.0,18.0,54.0
01/16/2018,55.0,PM2.5,15,10.0,1.0,33.0,26.0,19.0,55.0
01/17/2018,41.0,PM2.5,16,2.0,0.0,6.0,26.0,14.0,41.0
01/18/2018,38.0,PM2.5,17,3.0,1.0,31.0,24.0,14.0,38.0
01/19/2018,41.0,NO2,18,6.0,3.0,41.0,30.0,14.0,31.0
01/20/2018,44.0,PM2.5,19,11.0,1.0,33.0,29.0,19.0,44.0
01/21/2018,45.0,PM2.5,20,10.0,1.0,34.0,35.0,18.0,45.0
01/22/2018,51.0,PM2.5,21,8.0,1.0,46.0,23.0,21.0,51.0
01/23/2018,32.0,O3,22,2.0,0.0,17.0,32.0,13.0,15.0
01/24/2018,28.0,O3,23,2.0,0.0,20.0,28.0,8.0,12.0
01/25/2018,35.0,NO2,24,7.0,1.0,35.0,31.0,10.0,24.0
01/26/2018,47.0,PM2.5,25,11.0,1.0,39.0,36.0,18.0,47.0
01/27/2018,48.0,PM2.5,26,3.0,0.0,16.0,28.0,19.0,48.0
01/28/2018,25.0,PM2.5,27,5.0,0.0,18.0,9.0,13.0,25.0
01/29/2018,33.0,NO2,28,5.0,1.0,33.0,30.0,12.0,23.0
01/30/2018,28.0,O3,29,3.0,0.0,15.0,28.0,9.0,19.0
01/31/2018,33.0,O3,30,5.0,1.0,30.0,33.0,12.0,30.0
02/01/2018,56.0,PM2.5,31,6.0,0.0,32.0,35.0,19.0,56.0
02/02/2018,30.0,O3,32,2.0,0.0,10.0,30.0,6.0,10.0
02/03/2018,35.0,O3,33,2.0,0.0,10.0,35.0,9.0,21.0
02/04/2018,31.0,PM2.5,34,3.0,0.0,10.0,27.0,11.0,31.0
02/05/2018,35.0,PM2.5,35,6.0,1.0,28.0,21.0,16.0,35.0
02/06/2018,45.0,PM2.5,36,9.0,0.0,21.0,29.0,17.0,45.0
02/07/2018,26.0,O3,37,5.0,0.0,11.0,26.0,10.0,21.0
02/08/2018,29.0,NO2,38,5.0,0.0,29.0,26.0,11.0,23.0
02/09/2018,34.0,O3,39,8.0,0.0,23.0,34.0,12.0,30.0
02/10/2018,24.0,PM2.5,40,2.0,0.0,5.0,22.0,13.0,24.0
02/11/2018,19.0,O3,41,2.0,0.0,1.0,19.0,8.0,10.0
02/12/2018,16.0,NO2,42,6.0,0.0,16.0,13.0,10.0,14.0
02/13/2018,26.0,O3,43,5.0,0.0,10.0,26.0,10.0,26.0
02/14/2018,32.0,PM2.5,44,3.0,0.0,13.0,18.0,14.0,32.0
02/15/2018,29.0,PM2.5,45,3.0,0.0,11.0,20.0,13.0,29.0
02/16/2018,23.0,PM2.5,46,2.0,0.0,13.0,22.0,12.0,23.0
02/17/2018,23.0,O3,47,2.0,0.0,10.0,23.0,9.0,18.0
02/18/2018,26.0,O3,48,2.0,0.0,6.0,26.0,6.0,10.0
02/19/2018,39.0,PM2.5,49,2.0,0.0,5.0,19.0,16.0,39.0
02/20/2018,30.0,PM2.5,50,2.0,0.0,13.0,24.0,15.0,30.0
02/21/2018,30.0,PM2.5,51,1.0,0.0,12.0,23.0,14.0,30.0
02/22/2018,51.0,PM2.5,52,3.0,0.0,15.0,26.0,21.0,51.0
02/23/2018,43.0,PM2.5,53,6.0,0.0,14.0,32.0,19.0,43.0
02/24/2018,55.0,PM2.5,54,3.0,0.0,15.0,33.0,22.0,55.0
02/25/2018,26.0,O3,55,3.0,0.0,17.0,26.0,13.0,23.0
02/26/2018,26.0,O3,56,3.0,0.0,15.0,26.0,9.0,13.0
02/27/2018,41.0,O3,57,2.0,0.0,11.0,41.0,7.0,13.0
02/28/2018,29.0,PM2.5,58,3.0,0.0,18.0,22.0,17.0,29.0
03/01/2018,30.0,O3,59,3.0,0.0,11.0,30.0,15.0,19.0
03/02/2018,38.0,O3,60,2.0,0.0,8.0,38.0,7.0,13.0
03/03/2018,39.0,O3,61,2.0,0.0,7.0,39.0,6.0,10.0
03/04/2018,45.0,O3,62,6.0,0.0,32.0,45.0,9.0,23.0
03/05/2018,61.0,PM2.5,63,10.0,1.0,26.0,35.0,25.0,61.0
03/06/2018,51.0,PM2.5,64,5.0,0.0,19.0,27.0,20.0,51.0
03/07/2018,35.0,PM2.5,65,5.0,0.0,20.0,33.0,18.0,35.0
03/08/2018,38.0,O3,66,2.0,0.0,30.0,38.0,9.0,19.0
03/09/2018,48.0,PM2.5,67,3.0,0.0,37.0,44.0,20.0,48.0
03/10/2018,59.0,PM2.5,68,7.0,0.0,33.0,43.0,23.0,59.0
03/11/2018,53.0,PM2.5,69,5.0,0.0,12.0,31.0,21.0,53.0
03/12/2018,38.0,O3,70,3.0,0.0,8.0,38.0,7.0,14.0
03/13/2018,39.0,O3,71,2.0,0.0,12.0,39.0,13.0,23.0
03/14/2018,42.0,O3,72,2.0,0.0,13.0,42.0,10.0,27.0
03/15/2018,47.0,O3,73,5.0,1.0,42.0,47.0,19.0,44.0
03/16/2018,58.0,PM2.5,74,3.0,1.0,39.0,51.0,24.0,58.0
03/17/2018,47.0,PM2.5,75,6.0,0.0,29.0,32.0,19.0,47.0
03/18/2018,44.0,O3,76,3.0,1.0,15.0,44.0,17.0,37.0
03/19/2018,46.0,PM2.5,77,2.0,0.0,10.0,25.0,19.0,46.0
03/20/2018,34.0,O3,78,3.0,0.0,20.0,34.0,14.0,22.0
03/21/2018,39.0,O3,79,2.0,0.0,7.0,39.0,9.0,18.0
03/22/2018,40.0,O3,80,2.0,0.0,20.0,40.0,11.0,18.0
03/23/2018,43.0,O3,81,3.0,1.0,30.0,43.0,14.0,35.0
03/24/2018,48.0,PM2.5,82,6.0,0.0,25.0,47.0,19.0,48.0
03/25/2018,34.0,O3,83,2.0,0.0,4.0,34.0,14.0,34.0
03/26/2018,39.0,O3,84,2.0,0.0,8.0,39.0,8.0,28.0
03/27/2018,33.0,PM2.5,85,3.0,0.0,12.0,32.0,17.0,33.0
03/28/2018,43.0,O3,86,3.0,0.0,20.0,43.0,19.0,41.0
03/29/2018,38.0,O3,87,3.0,0.0,12.0,38.0,19.0,38.0
03/30/2018,36.0,O3,88,2.0,0.0,11.0,36.0,10.0,15.0
03/31/2018,44.0,O3,89,5.0,0.0,27.0,44.0,7.0,15.0
04/01/2018,50.0,O3,90,9.0,0.0,33.0,50.0,15.0,38.0
04/02/2018,61.0,O3,91,6.0,1.0,39.0,61.0,26.0,58.0
04/03/2018,59.0,PM2.5,92,7.0,0.0,33.0,31.0,27.0,59.0
04/04/2018,37.0,O3,93,2.0,0.0,6.0,37.0,11.0,18.0
04/05/2018,48.0,O3,94,3.0,0.0,33.0,48.0,12.0,23.0
04/06/2018,52.0,PM2.5,95,8.0,0.0,27.0,51.0,23.0,52.0
04/07/2018,39.0,PM2.5,96,5.0,0.0,24.0,31.0,16.0,39.0
04/08/2018,32.0,O3,97,2.0,0.0,5.0,32.0,8.0,14.0
04/09/2018,21.0,PM2.5,98,2.0,0.0,9.0,19.0,10.0,21.0
04/10/2018,43.0,O3,99,3.0,0.0,34.0,43.0,13.0,28.0
04/11/2018,42.0,O3,100,3.0,0.0,34.0,42.0,15.0,33.0
04/12/2018,61.0,O3,101,7.0,0.0,25.0,61.0,19.0,45.0
04/13/2018,51.0,O3,102,3.0,0.0,27.0,51.0,22.0,51.0
04/14/2018,45.0,PM2.5,103,2.0,0.0,2.0,41.0,21.0,45.0
04/15/2018,30.0,O3,104,2.0,0.0,5.0,30.0,17.0,26.0
04/16/2018,35.0,O3,105,2.0,0.0,6.0,35.0,7.0,13.0
04/17/2018,51.0,O3,106,2.0,0.0,17.0,51.0,13.0,26.0
04/18/2018,54.0,O3,107,2.0,1.0,23.0,54.0,16.0,28.0
04/19/2018,44.0,O3,108,2.0,1.0,17.0,44.0,16.0,30.0
04/20/2018,54.0,O3,109,3.0,0.0,33.0,54.0,10.0,17.0
04/21/2018,67.0,O3,110,8.0,0.0,24.0,67.0,16.0,39.0
04/22/2018,38.0,O3,111,2.0,0.0,3.0,38.0,13.0,24.0
04/23/2018,32.0,O3,112,2.0,0.0,5.0,32.0,8.0,8.0
04/24/2018,31.0,O3,113,2.0,0.0,9.0,31.0,11.0,17.0
04/25/2018,30.0,O3,114,2.0,0.0,17.0,30.0,9.0,14.0
04/26/2018,24.0,PM2.5,115,6.0,0.0,20.0,19.0,14.0,24.0
04/27/2018,50.0,O3,116,3.0,0.0,24.0,50.0,15.0,23.0
04/28/2018,54.0,O3,117,5.0,0.0,25.0,54.0,16.0,34.0
04/29/2018,49.0,O3,118,3.0,0.0,25.0,49.0,10.0,20.0
04/30/2018,50.0,O3,119,5.0,0.0,31.0,50.0,14.0,31.0
05/01/2018,64.0,O3,120,8.0,0.0,24.0,64.0,22.0,51.0
05/02/2018,74.0,O3,121,7.0,0.0,29.0,74.0,23.0,51.0
05/03/2018,51.0,O3,122,5.0,0.0,28.0,51.0,20.0,50.0
05/04/2018,58.0,O3,123,6.0,0.0,30.0,58.0,23.0,47.0
05/05/2018,54.0,PM2.5,124,7.0,0.0,18.0,39.0,24.0,54.0
05/06/2018,49.0,O3,125,3.0,0.0,24.0,49.0,16.0,30.0
05/07/2018,51.0,O3,126,3.0,0.0,32.0,51.0,16.0,33.0
05/08/2018,42.0,O3,127,3.0,0.0,26.0,42.0,20.0,15.0
05/09/2018,74.0,O3,128,6.0,0.0,21.0,74.0,22.0,47.0
05/10/2018,54.0,O3,129,7.0,0.0,22.0,54.0,22.0,50.0
05/11/2018,84.0,O3,130,7.0,0.0,24.0,84.0,25.0,53.0
05/12/2018,80.0,O3,131,8.0,0.0,26.0,80.0,26.0,57.0
05/13/2018,71.0,O3,132,8.0,0.0,29.0,71.0,27.0,57.0
05/14/2018,97.0,O3,133,7.0,0.0,23.0,97.0,31.0,62.0
05/15/2018,23.0,O3,134,2.0,0.0,5.0,23.0,13.0,23.0
05/16/2018,18.0,O3,135,2.0,0.0,8.0,18.0,14.0,11.0
05/17/2018,27.0,O3,136,2.0,0.0,8.0,27.0,18.0,16.0
05/18/2018,42.0,O3,137,2.0,0.0,7.0,42.0,15.0,25.0
05/19/2018,45.0,O3,138,2.0,0.0,5.0,45.0,18.0,43.0
05/20/2018,43.0,O3,139,3.0,0.0,6.0,43.0,24.0,40.0
05/21/2018,27.0,O3,140,3.0,0.0,8.0,27.0,19.0,19.0
05/22/2018,28.0,O3,141,1.0,0.0,7.0,28.0,14.0,18.0
05/23/2018,26.0,O3,142,2.0,0.0,11.0,26.0,12.0,10.0
05/24/2018,32.0,O3,143,2.0,0.0,6.0,32.0,15.0,17.0
05/25/2018,27.0,O3,144,2.0,0.0,5.0,27.0,14.0,15.0
05/26/2018,34.0,O3,145,2.0,0.0,3.0,34.0,15.0,24.0
05/27/2018,23.0,PM2.5,146,2.0,0.0,3.0,21.0,17.0,23.0
05/28/2018,18.0,O3,147,2.0,0.0,2.0,18.0,13.0,10.0
05/29/2018,19.0,O3,148,2.0,0.0,2.0,19.0,13.0,12.0
05/30/2018,33.0,O3,149,2.0,0.0,8.0,33.0,14.0,17.0
05/31/2018,44.0,O3,150,2.0,0.0,9.0,44.0,19.0,35.0
06/01/2018,32.0,O3,151,3.0,0.0,21.0,32.0,20.0,23.0
06/02/2018,36.0,O3,152,5.0,0.0,15.0,36.0,23.0,33.0
06/03/2018,46.0,O3,153,6.0,0.0,8.0,46.0,24.0,46.0
06/04/2018,25.0,PM2.5,154,,,,,18.0,25.0
06/05/2018,45.0,O3,155,3.0,,,45.0,18.0,33.0
06/06/2018,90.0,O3,156,5.0,0.0,,90.0,17.0,33.0
06/07/2018,97.0,O3,157,5.0,0.0,26.0,97.0,21.0,50.0
06/08/2018,55.0,PM2.5,158,7.0,0.0,23.0,46.0,24.0,55.0
06/09/2018,64.0,O3,159,6.0,0.0,16.0,64.0,26.0,57.0
06/10/2018,57.0,PM2.5,160,3.0,0.0,18.0,54.0,29.0,57.0
06/11/2018,49.0,PM2.5,161,3.0,0.0,14.0,44.0,24.0,49.0
06/12/2018,40.0,PM2.5,162,5.0,0.0,9.0,30.0,21.0,40.0
06/13/2018,40.0,PM2.5,163,2.0,0.0,7.0,32.0,20.0,40.0
06/14/2018,48.0,O3,164,6.0,0.0,23.0,48.0,21.0,39.0
06/15/2018,64.0,O3,165,5.0,0.0,15.0,64.0,22.0,41.0
06/16/2018,44.0,PM2.5,166,5.0,0.0,8.0,36.0,22.0,44.0
06/17/2018,37.0,O3,167,3.0,0.0,13.0,37.0,14.0,31.0
06/18/2018,39.0,O3,168,5.0,0.0,17.0,39.0,17.0,38.0
06/19/2018,51.0,PM2.5,169,6.0,0.0,24.0,43.0,25.0,51.0
06/20/2018,60.0,PM2.5,170,3.0,0.0,21.0,32.0,43.0,60.0
06/21/2018,55.0,PM2.5,171,5.0,0.0,16.0,24.0,35.0,55.0
06/22/2018,38.0,O3,172,2.0,0.0,9.0,38.0,19.0,27.0
06/23/2018,32.0,O3,173,3.0,0.0,8.0,32.0,21.0,31.0
06/24/2018,27.0,O3,174,3.0,0.0,6.0,27.0,,
06/25/2018,29.0,PM2.5,175,3.0,0.0,12.0,26.0,19.0,29.0
06/26/2018,54.0,O3,176,3.0,0.0,10.0,54.0,16.0,25.0
06/27/2018,34.0,O3,177,2.0,0.0,12.0,34.0,15.0,22.0
06/28/2018,20.0,PM2.5,178,2.0,0.0,16.0,18.0,19.0,20.0
06/29/2018,45.0,O3,179,3.0,0.0,14.0,45.0,19.0,29.0
06/30/2018,34.0,PM2.5,180,7.0,0.0,7.0,33.0,19.0,34.0
07/01/2018,25.0,O3,181,3.0,0.0,9.0,25.0,13.0,23.0
07/02/2018,33.0,O3,182,2.0,0.0,5.0,33.0,13.0,20.0
07/03/2018,29.0,O3,183,2.0,0.0,8.0,29.0,13.0,25.0
07/04/2018,44.0,PM2.5,184,2.0,0.0,8.0,32.0,18.0,44.0
07/05/2018,42.0,PM2.5,185,3.0,0.0,10.0,23.0,20.0,42.0
07/06/2018,45.0,O3,186,5.0,0.0,10.0,45.0,18.0,29.0
07/07/2018,31.0,O3,187,3.0,0.0,8.0,31.0,16.0,26.0
07/08/2018,36.0,O3,188,2.0,0.0,7.0,36.0,15.0,30.0
07/09/2018,90.0,O3,189,5.0,0.0,33.0,90.0,16.0,40.0
07/10/2018,51.0,O3,190,6.0,0.0,20.0,51.0,16.0,41.0
07/11/2018,84.0,O3,191,5.0,0.0,16.0,84.0,17.0,45.0
07/12/2018,54.0,O3,192,7.0,0.0,12.0,54.0,22.0,54.0
07/13/2018,50.0,PM2.5,193,3.0,0.0,11.0,44.0,18.0,50.0
07/14/2018,42.0,PM2.5,194,2.0,0.0,6.0,35.0,14.0,42.0
07/15/2018,39.0,PM2.5,195,3.0,0.0,7.0,37.0,14.0,39.0
07/16/2018,39.0,O3,196,2.0,0.0,7.0,39.0,13.0,35.0
07/17/2018,46.0,O3,197,2.0,0.0,14.0,46.0,16.0,33.0
07/18/2018,71.0,O3,198,3.0,0.0,10.0,71.0,16.0,35.0
07/19/2018,37.0,PM2.5,199,3.0,0.0,8.0,35.0,20.0,37.0
07/20/2018,35.0,O3,200,2.0,0.0,10.0,35.0,19.0,34.0
07/21/2018,40.0,O3,201,3.0,0.0,7.0,40.0,19.0,27.0
07/22/2018,41.0,O3,202,5.0,0.0,11.0,41.0,21.0,30.0
07/23/2018,38.0,O3,203,3.0,0.0,13.0,38.0,16.0,28.0
07/24/2018,36.0,O3,204,3.0,0.0,15.0,36.0,19.0,29.0
07/25/2018,48.0,O3,205,6.0,0.0,23.0,48.0,21.0,34.0
07/26/2018,58.0,O3,206,6.0,0.0,24.0,58.0,19.0,38.0
07/27/2018,64.0,O3,207,7.0,0.0,23.0,64.0,22.0,54.0
07/28/2018,48.0,O3,208,5.0,0.0,18.0,48.0,18.0,43.0
07/29/2018,67.0,O3,209,5.0,0.0,20.0,67.0,16.0,42.0
07/30/2018,50.0,PM2.5,210,3.0,0.0,3.0,40.0,17.0,50.0
07/31/2018,38.0,PM2.5,211,5.0,0.0,14.0,30.0,18.0,38.0
08/01/2018,17.0,O3,212,3.0,0.0,10.0,17.0,15.0,13.0
08/02/2018,17.0,O3,213,1.0,0.0,5.0,17.0,12.0,10.0
08/03/2018,42.0,O3,214,3.0,0.0,9.0,42.0,14.0,15.0
08/04/2018,28.0,O3,215,7.0,0.0,11.0,28.0,19.0,25.0
08/05/2018,40.0,O3,216,10.0,0.0,17.0,40.0,19.0,31.0
08/06/2018,45.0,PM2.5,217,8.0,0.0,29.0,44.0,21.0,45.0
08/07/2018,39.0,O3,218,7.0,0.0,12.0,39.0,21.0,37.0
08/08/2018,34.0,O3,219,5.0,0.0,8.0,34.0,20.0,32.0
08/09/2018,31.0,O3,220,,0.0,11.0,31.0,19.0,25.0
08/10/2018,31.0,O3,221,,0.0,9.0,31.0,18.0,28.0
08/11/2018,35.0,O3,222,,0.0,16.0,35.0,16.0,29.0
08/12/2018,48.0,PM2.5,223,,0.0,13.0,41.0,19.0,48.0
08/13/2018,58.0,PM2.5,224,,0.0,21.0,47.0,23.0,58.0
08/14/2018,52.0,PM2.5,225,,0.0,29.0,48.0,22.0,52.0
08/15/2018,100.0,O3,226,8.0,0.0,20.0,100.0,25.0,59.0
08/16/2018,56.0,PM2.5,227,7.0,0.0,14.0,44.0,23.0,56.0
08/17/2018,23.0,O3,228,3.0,0.0,7.0,23.0,13.0,17.0
08/18/2018,26.0,O3,229,2.0,0.0,5.0,26.0,18.0,23.0
08/19/2018,30.0,PM2.5,230,2.0,0.0,5.0,27.0,22.0,30.0
08/20/2018,25.0,PM2.5,231,2.0,0.0,7.0,23.0,17.0,25.0
08/21/2018,33.0,PM2.5,232,2.0,0.0,7.0,26.0,19.0,33.0
08/22/2018,36.0,PM2.5,233,3.0,0.0,9.0,35.0,19.0,36.0
08/23/2018,59.0,PM2.5,234,3.0,0.0,9.0,42.0,27.0,59.0
08/24/2018,51.0,PM2.5,235,3.0,0.0,8.0,40.0,22.0,51.0
08/25/2018,51.0,PM2.5,236,3.0,0.0,10.0,44.0,19.0,51.0
08/26/2018,51.0,PM2.5,237,7.0,0.0,12.0,40.0,19.0,51.0
08/27/2018,47.0,PM2.5,238,7.0,0.0,13.0,39.0,19.0,47.0
08/28/2018,46.0,PM2.5,239,8.0,0.0,14.0,34.0,18.0,46.0
08/29/2018,36.0,O3,240,5.0,0.0,18.0,36.0,14.0,34.0
08/30/2018,39.0,O3,241,2.0,0.0,9.0,39.0,9.0,14.0
08/31/2018,36.0,O3,242,3.0,0.0,13.0,36.0,9.0,19.0
09/01/2018,21.0,O3,243,7.0,0.0,8.0,21.0,10.0,21.0
09/02/2018,19.0,O3,244,3.0,0.0,5.0,19.0,9.0,17.0
09/03/2018,21.0,O3,245,1.0,0.0,2.0,21.0,9.0,20.0
09/04/2018,30.0,PM2.5,246,2.0,0.0,8.0,22.0,12.0,30.0
09/05/2018,28.0,PM2.5,247,5.0,0.0,8.0,21.0,12.0,28.0
09/06/2018,26.0,O3,248,6.0,0.0,,26.0,12.0,25.0
09/07/2018,35.0,O3,249,8.0,0.0,15.0,35.0,15.0,35.0
09/08/2018,36.0,O3,250,7.0,0.0,10.0,36.0,15.0,30.0
09/09/2018,34.0,PM2.5,251,5.0,0.0,9.0,26.0,14.0,34.0
09/10/2018,34.0,PM2.5,252,6.0,0.0,14.0,31.0,15.0,34.0
09/11/2018,34.0,O3,253,3.0,0.0,14.0,34.0,10.0,23.0
09/12/2018,31.0,O3,254,5.0,0.0,11.0,31.0,12.0,30.0
09/13/2018,35.0,O3,255,6.0,0.0,25.0,35.0,11.0,29.0
09/14/2018,38.0,O3,256,6.0,0.0,13.0,38.0,12.0,25.0
09/15/2018,24.0,O3,257,6.0,0.0,13.0,24.0,9.0,16.0
09/16/2018,18.0,O3,258,2.0,0.0,8.0,18.0,6.0,8.0
09/17/2018,31.0,O3,259,2.0,1.0,14.0,31.0,8.0,14.0
09/18/2018,40.0,O3,260,5.0,0.0,22.0,40.0,11.0,20.0
09/19/2018,61.0,O3,261,7.0,0.0,39.0,61.0,15.0,37.0
09/20/2018,48.0,O3,262,9.0,0.0,19.0,48.0,19.0,46.0
09/21/2018,42.0,O3,263,3.0,0.0,24.0,42.0,17.0,36.0
09/22/2018,40.0,O3,264,6.0,0.0,15.0,40.0,19.0,39.0
09/23/2018,36.0,O3,265,6.0,0.0,15.0,36.0,17.0,36.0
09/24/2018,38.0,PM2.5,266,2.0,0.0,3.0,25.0,21.0,38.0
09/25/2018,29.0,PM2.5,267,2.0,0.0,4.0,28.0,19.0,29.0
09/26/2018,25.0,O3,268,2.0,0.0,13.0,25.0,15.0,22.0
09/27/2018,20.0,PM2.5,269,3.0,0.0,10.0,18.0,16.0,20.0
09/28/2018,28.0,PM2.5,270,2.0,0.0,13.0,18.0,18.0,28.0
09/29/2018,36.0,O3,271,5.0,0.0,13.0,36.0,20.0,34.0
09/30/2018,25.0,PM2.5,272,3.0,0.0,5.0,18.0,15.0,25.0
10/01/2018,35.0,O3,273,5.0,0.0,16.0,35.0,16.0,30.0
10/02/2018,44.0,O3,274,7.0,0.0,21.0,44.0,30.0,43.0
10/03/2018,48.0,O3,275,8.0,0.0,26.0,48.0,21.0,44.0
10/04/2018,53.0,PM2.5,276,9.0,0.0,32.0,49.0,24.0,53.0
10/05/2018,67.0,O3,277,9.0,6.0,35.0,67.0,26.0,54.0
10/06/2018,55.0,PM2.5,278,11.0,0.0,19.0,46.0,22.0,55.0
10/07/2018,34.0,O3,279,5.0,0.0,16.0,34.0,17.0,29.0
10/08/2018,29.0,O3,280,5.0,0.0,9.0,29.0,14.0,28.0
10/09/2018,22.0,O3,281,1.0,0.0,5.0,22.0,12.0,17.0
10/10/2018,12.0,PM2.5,282,1.0,0.0,10.0,11.0,11.0,12.0
10/11/2018,31.0,O3,283,1.0,0.0,10.0,31.0,11.0,13.0
10/12/2018,31.0,O3,284,3.0,1.0,26.0,31.0,18.0,25.0
10/13/2018,38.0,O3,285,5.0,0.0,20.0,38.0,10.0,23.0
10/14/2018,37.0,O3,286,6.0,0.0,10.0,37.0,13.0,35.0
10/15/2018,41.0,PM2.5,287,5.0,0.0,13.0,22.0,16.0,41.0
10/16/2018,41.0,PM2.5,288,8.0,0.0,11.0,29.0,17.0,41.0
10/17/2018,21.0,O3,289,2.0,0.0,19.0,21.0,8.0,13.0
10/18/2018,33.0,O3,290,3.0,0.0,19.0,33.0,11.0,18.0
10/19/2018,43.0,PM2.5,291,3.0,0.0,17.0,29.0,18.0,43.0
10/20/2018,37.0,PM2.5,292,3.0,1.0,14.0,24.0,15.0,37.0
10/21/2018,31.0,O3,293,5.0,0.0,18.0,31.0,14.0,15.0
10/22/2018,31.0,O3,294,7.0,0.0,24.0,31.0,10.0,26.0
10/23/2018,38.0,PM2.5,295,7.0,0.0,25.0,25.0,15.0,38.0
10/24/2018,39.0,O3,296,6.0,0.0,25.0,39.0,15.0,37.0
10/25/2018,36.0,PM2.5,297,7.0,0.0,14.0,23.0,16.0,36.0
10/26/2018,17.0,O3,298,3.0,0.0,12.0,17.0,6.0,9.0
10/27/2018,24.0,O3,299,3.0,0.0,7.0,24.0,8.0,12.0
10/28/2018,31.0,O3,300,3.0,0.0,15.0,31.0,13.0,29.0
10/29/2018,30.0,O3,301,5.0,0.0,25.0,30.0,12.0,23.0
10/30/2018,33.0,O3,302,8.0,1.0,18.0,33.0,13.0,31.0
10/31/2018,52.0,PM2.5,303,7.0,0.0,18.0,39.0,20.0,52.0
11/01/2018,26.0,O3,304,5.0,0.0,17.0,26.0,15.0,22.0
11/02/2018,23.0,PM2.5,305,2.0,0.0,18.0,19.0,11.0,23.0
11/03/2018,30.0,O3,306,6.0,0.0,13.0,30.0,10.0,23.0
11/04/2018,28.0,O3,307,9.0,0.0,8.0,28.0,10.0,24.0
11/05/2018,28.0,PM2.5,308,2.0,0.0,9.0,10.0,12.0,28.0
11/06/2018,22.0,PM2.5,309,6.0,0.0,15.0,19.0,15.0,22.0
11/07/2018,38.0,PM2.5,310,9.0,1.0,20.0,17.0,20.0,38.0
11/08/2018,34.0,PM2.5,311,5.0,0.0,16.0,14.0,19.0,34.0
11/09/2018,19.0,O3,312,5.0,0.0,13.0,19.0,,
11/10/2018,25.0,O3,313,3.0,0.0,14.0,25.0,,20.0
11/11/2018,29.0,O3,314,3.0,0.0,12.0,29.0,,29.0
11/12/2018,18.0,O3,315,2.0,0.0,14.0,18.0,,13.0
11/13/2018,14.0,NO2,316,3.0,0.0,14.0,8.0,,11.0
11/14/2018,18.0,PM2.5,317,2.0,0.0,10.0,14.0,,18.0
11/15/2018,20.0,O3,318,2.0,0.0,14.0,20.0,,8.0
11/16/2018,28.0,PM2.5,319,6.0,1.0,21.0,27.0,,28.0
11/17/2018,48.0,PM2.5,320,9.0,0.0,24.0,25.0,,48.0
11/18/2018,60.0,PM2.5,321,15.0,0.0,24.0,34.0,,60.0
11/19/2018,61.0,PM2.5,322,11.0,1.0,29.0,24.0,,61.0
11/20/2018,32.0,PM2.5,323,6.0,0.0,20.0,22.0,,32.0
11/21/2018,27.0,PM2.5,324,3.0,0.0,23.0,20.0,,27.0
11/22/2018,43.0,PM2.5,325,7.0,0.0,18.0,27.0,16.0,43.0
11/23/2018,31.0,PM2.5,326,8.0,0.0,11.0,23.0,13.0,31.0
11/24/2018,37.0,PM2.5,327,3.0,0.0,12.0,18.0,11.0,37.0
11/25/2018,43.0,PM2.5,328,3.0,1.0,13.0,16.0,19.0,43.0
11/26/2018,18.0,PM2.5,329,2.0,0.0,8.0,15.0,13.0,18.0
11/27/2018,29.0,O3,330,2.0,0.0,7.0,29.0,9.0,29.0
11/28/2018,28.0,NO2,331,5.0,3.0,28.0,19.0,14.0,27.0
11/29/2018,43.0,PM2.5,332,8.0,1.0,36.0,25.0,19.0,43.0
11/30/2018,32.0,PM2.5,333,3.0,0.0,17.0,30.0,14.0,32.0
12/01/2018,23.0,PM2.5,334,3.0,0.0,13.0,22.0,13.0,23.0
12/02/2018,33.0,PM2.5,335,7.0,0.0,27.0,26.0,24.0,33.0
12/03/2018,36.0,PM2.5,336,10.0,1.0,18.0,28.0,17.0,36.0
12/04/2018,18.0,O3,337,2.0,1.0,14.0,18.0,7.0,13.0
12/05/2018,22.0,O3,338,2.0,1.0,17.0,22.0,9.0,15.0
12/06/2018,29.0,PM2.5,339,6.0,0.0,28.0,24.0,12.0,29.0
12/07/2018,55.0,PM2.5,340,7.0,0.0,22.0,6.0,21.0,55.0
12/08/2018,33.0,PM2.5,341,6.0,0.0,16.0,21.0,12.0,33.0
12/09/2018,21.0,O3,342,2.0,0.0,9.0,21.0,4.0,5.0
12/10/2018,22.0,PM2.5,343,3.0,0.0,16.0,10.0,9.0,22.0
12/11/2018,42.0,PM2.5,344,6.0,1.0,30.0,22.0,13.0,42.0
12/12/2018,27.0,NO2,345,7.0,1.0,27.0,18.0,18.0,27.0
12/13/2018,52.0,PM2.5,346,11.0,1.0,20.0,19.0,,52.0
12/14/2018,19.0,PM2.5,347,3.0,0.0,11.0,15.0,,19.0
12/15/2018,20.0,O3,348,3.0,0.0,9.0,20.0,,10.0
12/16/2018,22.0,O3,349,2.0,0.0,6.0,22.0,6.0,9.0
12/17/2018,31.0,NO2,350,3.0,1.0,31.0,25.0,9.0,17.0
12/18/2018,35.0,NO2,351,9.0,1.0,35.0,31.0,12.0,25.0
12/19/2018,45.0,PM2.5,352,10.0,1.0,23.0,30.0,18.0,45.0
12/20/2018,22.0,NO2,353,5.0,0.0,22.0,15.0,13.0,22.0
12/21/2018,19.0,NO2,354,5.0,0.0,19.0,17.0,6.0,10.0
12/22/2018,25.0,PM2.5,355,7.0,0.0,20.0,22.0,11.0,25.0
12/23/2018,39.0,PM2.5,356,14.0,0.0,16.0,30.0,16.0,39.0
12/24/2018,24.0,O3,357,6.0,0.0,22.0,24.0,9.0,21.0
12/25/2018,49.0,PM2.5,358,11.0,0.0,25.0,27.0,18.0,49.0
12/26/2018,44.0,PM2.5,359,10.0,0.0,20.0,31.0,17.0,44.0
12/27/2018,29.0,O3,360,2.0,0.0,5.0,29.0,11.0,23.0
12/28/2018,22.0,NO2,361,6.0,0.0,22.0,9.0,8.0,10.0
12/29/2018,28.0,PM2.5,362,9.0,0.0,23.0,19.0,14.0,28.0
12/30/2018,26.0,PM2.5,363,5.0,0.0,12.0,18.0,15.0,26.0
12/31/2018,20.0,O3,364,2.0,0.0,4.0,20.0,11.0,15.0
01/01/2019,21.0,PM2.5,0,3.0,0.0,16.0,19.0,15.0,21.0
01/02/2019,22.0,O3,1,5.0,0.0,20.0,22.0,15.0,21.0
01/03/2019,17.0,NO2,2,5.0,0.0,17.0,13.0,14.0,13.0
01/04/2019,22.0,O3,3,5.0,0.0,14.0,22.0,7.0,9.0
01/05/2019,30.0,O3,4,3.0,0.0,26.0,30.0,6.0,11.0
01/06/2019,33.0,NO2,5,7.0,0.0,33.0,28.0,10.0,23.0
01/07/2019,38.0,PM2.5,6,13.0,1.0,31.0,31.0,15.0,38.0
01/08/2019,39.0,PM2.5,7,8.0,0.0,22.0,28.0,15.0,39.0
01/09/2019,32.0,O3,8,2.0,0.0,10.0,32.0,7.0,8.0
01/10/2019,24.0,O3,9,2.0,0.0,16.0,24.0,11.0,20.0
01/11/2019,32.0,O3,10,5.0,0.0,25.0,32.0,13.0,30.0
01/12/2019,34.0,PM2.5,11,2.0,1.0,9.0,22.0,14.0,34.0
01/13/2019,30.0,PM2.5,12,3.0,0.0,13.0,17.0,11.0,30.0
01/14/2019,24.0,O3,13,3.0,0.0,10.0,24.0,7.0,13.0
01/15/2019,23.0,O3,14,2.0,0.0,16.0,23.0,10.0,23.0
01/16/2019,43.0,PM2.5,15,5.0,1.0,28.0,19.0,17.0,43.0
01/17/2019,59.0,PM2.5,16,8.0,0.0,24.0,12.0,23.0,59.0
01/18/2019,43.0,PM2.5,17,5.0,0.0,19.0,11.0,19.0,43.0
01/19/2019,24.0,O3,18,7.0,0.0,10.0,24.0,13.0,23.0
01/20/2019,31.0,O3,19,2.0,0.0,6.0,31.0,6.0,12.0
01/21/2019,29.0,NO2,20,3.0,0.0,29.0,29.0,7.0,18.0
01/22/2019,31.0,O3,21,3.0,0.0,21.0,31.0,8.0,17.0
01/23/2019,31.0,O3,22,2.0,0.0,12.0,31.0,12.0,20.0
01/24/2019,20.0,O3,23,2.0,1.0,15.0,20.0,8.0,18.0
01/25/2019,30.0,NO2,24,5.0,1.0,30.0,27.0,12.0,27.0
01/26/2019,33.0,PM2.5,25,6.0,1.0,30.0,32.0,13.0,33.0
01/27/2019,59.0,PM2.5,26,13.0,0.0,30.0,26.0,21.0,59.0
01/28/2019,56.0,PM2.5,27,13.0,3.0,33.0,39.0,21.0,56.0
01/29/2019,35.0,O3,28,2.0,1.0,12.0,35.0,13.0,34.0
01/30/2019,33.0,NO2,29,3.0,1.0,33.0,31.0,13.0,23.0
01/31/2019,34.0,NO2,30,6.0,1.0,34.0,29.0,15.0,33.0
02/01/2019,49.0,PM2.5,31,11.0,1.0,45.0,26.0,19.0,49.0
02/02/2019,52.0,PM2.5,32,15.0,1.0,30.0,36.0,19.0,52.0
02/03/2019,51.0,PM2.5,33,7.0,0.0,30.0,34.0,19.0,51.0
02/04/2019,52.0,PM2.5,34,13.0,1.0,26.0,31.0,20.0,52.0
02/05/2019,47.0,PM2.5,35,8.0,1.0,28.0,21.0,18.0,47.0
02/06/2019,36.0,PM2.5,36,8.0,0.0,13.0,12.0,15.0,36.0
02/07/2019,35.0,PM2.5,37,2.0,0.0,12.0,31.0,14.0,35.0
02/08/2019,30.0,O3,38,2.0,0.0,7.0,30.0,7.0,14.0
02/09/2019,31.0,O3,39,2.0,0.0,8.0,31.0,9.0,18.0
02/10/2019,34.0,PM2.5,40,2.0,0.0,5.0,31.0,14.0,34.0
02/11/2019,29.0,PM2.5,41,2.0,0.0,10.0,12.0,13.0,29.0
02/12/2019,26.0,O3,42,2.0,0.0,13.0,26.0,11.0,16.0
02/13/2019,31.0,O3,43,5.0,0.0,29.0,31.0,6.0,14.0
02/14/2019,35.0,O3,44,9.0,0.0,21.0,35.0,11.0,28.0
02/15/2019,34.0,PM2.5,45,3.0,0.0,10.0,25.0,15.0,34.0
02/16/2019,25.0,O3,46,3.0,0.0,12.0,25.0,10.0,20.0
02/17/2019,19.0,O3,47,3.0,0.0,10.0,19.0,9.0,18.0
02/18/2019,29.0,O3,48,2.0,0.0,12.0,29.0,8.0,12.0
02/19/2019,27.0,O3,49,2.0,0.0,16.0,27.0,6.0,14.0
02/20/2019,23.0,O3,50,2.0,0.0,8.0,23.0,5.0,5.0
02/21/2019,27.0,PM2.5,51,6.0,1.0,15.0,7.0,16.0,27.0
02/22/2019,23.0,PM2.5,52,6.0,0.0,11.0,21.0,17.0,23.0
02/23/2019,18.0,O3,53,2.0,0.0,3.0,18.0,5.0,5.0
02/24/2019,36.0,O3,54,2.0,1.0,10.0,36.0,9.0,9.0
02/25/2019,39.0,O3,55,5.0,1.0,37.0,39.0,6.0,13.0
02/26/2019,39.0,PM2.5,56,8.0,0.0,27.0,37.0,16.0,39.0
02/27/2019,58.0,PM2.5,57,5.0,1.0,26.0,17.0,24.0,58.0
02/28/2019,45.0,PM2.5,58,9.0,0.0,16.0,14.0,18.0,45.0
03/01/2019,20.0,PM2.5,59,2.0,0.0,10.0,19.0,12.0,20.0
03/02/2019,27.0,PM2.5,60,3.0,0.0,13.0,23.0,11.0,27.0
03/03/2019,26.0,PM2.5,61,3.0,0.0,12.0,20.0,11.0,26.0
03/04/2019,33.0,O3,62,2.0,0.0,8.0,33.0,9.0,24.0
03/05/2019,37.0,O3,63,2.0,1.0,8.0,37.0,8.0,13.0
03/06/2019,38.0,NO2,64,3.0,3.0,38.0,37.0,12.0,25.0
03/07/2019,42.0,O3,65,6.0,1.0,35.0,42.0,19.0,42.0
03/08/2019,65.0,PM2.5,66,5.0,0.0,25.0,43.0,31.0,65.0
03/09/2019,59.0,PM2.5,67,3.0,0.0,8.0,39.0,29.0,59.0
03/10/2019,37.0,O3,68,3.0,0.0,25.0,37.0,13.0,31.0
03/11/2019,28.0,PM2.5,69,,0.0,25.0,17.0,12.0,28.0
03/12/2019,44.0,O3,70,,0.0,35.0,44.0,11.0,23.0
03/13/2019,47.0,O3,71,,0.0,27.0,47.0,16.0,38.0
03/14/2019,42.0,PM2.5,72,,0.0,5.0,39.0,19.0,42.0
03/15/2019,33.0,O3,73,,0.0,14.0,33.0,18.0,30.0
03/16/2019,36.0,O3,74,,0.0,8.0,36.0,6.0,14.0
03/17/2019,44.0,O3,75,,0.0,36.0,44.0,7.0,18.0
03/18/2019,43.0,O3,76,,0.0,31.0,43.0,9.0,22.0
03/19/2019,46.0,O3,77,,0.0,40.0,46.0,11.0,25.0
03/20/2019,58.0,O3,78,5.0,1.0,42.0,58.0,19.0,42.0
03/21/2019,45.0,O3,79,9.0,1.0,34.0,45.0,20.0,45.0
03/22/2019,46.0,O3,80,2.0,0.0,18.0,46.0,14.0,26.0
03/23/2019,64.0,O3,81,6.0,0.0,42.0,64.0,14.0,29.0
03/24/2019,67.0,O3,82,11.0,0.0,39.0,67.0,23.0,55.0
03/25/2019,56.0,PM2.5,83,9.0,1.0,31.0,38.0,24.0,56.0
03/26/2019,31.0,O3,84,5.0,0.0,20.0,31.0,11.0,23.0
03/27/2019,45.0,O3,85,3.0,0.0,25.0,45.0,12.0,21.0
03/28/2019,61.0,O3,86,7.0,0.0,40.0,61.0,17.0,41.0
03/29/2019,51.0,PM2.5,87,9.0,1.0,42.0,48.0,21.0,51.0
03/30/2019,55.0,PM2.5,88,8.0,0.0,27.0,44.0,25.0,55.0
03/31/2019,36.0,O3,89,,0.0,6.0,36.0,8.0,18.0
04/01/2019,44.0,O3,90,,0.0,27.0,44.0,8.0,17.0
04/02/2019,46.0,O3,91,,0.0,41.0,46.0,13.0,28.0
04/03/2019,64.0,O3,92,,1.0,34.0,64.0,17.0,38.0
04/04/2019,59.0,PM2.5,93,,0.0,34.0,51.0,27.0,59.0
04/05/2019,35.0,PM2.5,94,,0.0,14.0,34.0,16.0,35.0
04/06/2019,42.0,PM2.5,95,,0.0,8.0,33.0,16.0,42.0
04/07/2019,37.0,O3,96,,0.0,7.0,37.0,14.0,29.0
04/08/2019,28.0,PM2.5,97,,0.0,14.0,19.0,,28.0
04/09/2019,29.0,O3,98,,0.0,16.0,29.0,,22.0
04/10/2019,47.0,O3,99,,0.0,26.0,47.0,16.0,28.0
04/11/2019,40.0,O3,100,1.0,0.0,18.0,40.0,16.0,31.0
04/12/2019,38.0,O3,101,5.0,0.0,26.0,38.0,12.0,25.0
04/13/2019,41.0,PM2.5,102,9.0,0.0,12.0,33.0,18.0,41.0
04/14/2019,32.0,O3,103,2.0,1.0,4.0,32.0,19.0,29.0
04/15/2019,43.0,O3,104,2.0,0.0,29.0,43.0,9.0,13.0
04/16/2019,50.0,O3,105,5.0,0.0,32.0,50.0,11.0,25.0
04/17/2019,64.0,O3,106,8.0,0.0,25.0,64.0,19.0,51.0
04/18/2019,44.0,O3,107,2.0,0.0,22.0,44.0,19.0,39.0
04/19/2019,28.0,O3,108,2.0,0.0,8.0,28.0,9.0,11.0
04/20/2019,26.0,O3,109,2.0,0.0,10.0,26.0,6.0,10.0
04/21/2019,44.0,O3,110,5.0,1.0,25.0,44.0,9.0,20.0
04/22/2019,51.0,O3,111,9.0,0.0,39.0,51.0,12.0,33.0
04/23/2019,46.0,O3,112,9.0,0.0,34.0,46.0,17.0,42.0
04/24/2019,47.0,O3,113,6.0,0.0,26.0,47.0,18.0,38.0
04/25/2019,36.0,O3,114,3.0,0.0,19.0,36.0,17.0,33.0
04/26/2019,47.0,O3,115,2.0,0.0,14.0,47.0,14.0,19.0
04/27/2019,64.0,O3,116,3.0,0.0,24.0,64.0,16.0,27.0
04/28/2019,49.0,O3,117,6.0,0.0,26.0,49.0,18.0,44.0
04/29/2019,54.0,PM2.5,118,8.0,0.0,28.0,49.0,21.0,54.0
04/30/2019,67.0,O3,119,6.0,0.0,22.0,67.0,27.0,58.0
05/01/2019,54.0,PM2.5,120,5.0,0.0,16.0,32.0,24.0,54.0
05/02/2019,45.0,PM2.5,121,3.0,0.0,16.0,44.0,23.0,45.0
05/03/2019,46.0,PM2.5,122,6.0,0.0,22.0,31.0,22.0,46.0
05/04/2019,30.0,PM2.5,123,7.0,0.0,12.0,24.0,18.0,30.0
05/05/2019,34.0,O3,124,2.0,0.0,5.0,34.0,9.0,11.0
05/06/2019,50.0,O3,125,3.0,0.0,25.0,50.0,12.0,21.0
05/07/2019,44.0,O3,126,7.0,0.0,18.0,44.0,19.0,36.0
05/08/2019,38.0,O3,127,3.0,0.0,11.0,38.0,,34.0
05/09/2019,42.0,O3,128,2.0,0.0,9.0,42.0,,20.0
05/10/2019,40.0,O3,129,3.0,0.0,16.0,40.0,16.0,26.0
05/11/2019,26.0,PM2.5,130,3.0,0.0,4.0,24.0,18.0,26.0
05/12/2019,29.0,O3,131,2.0,0.0,9.0,29.0,17.0,17.0
05/13/2019,39.0,O3,132,3.0,0.0,8.0,39.0,15.0,17.0
05/14/2019,44.0,O3,133,3.0,0.0,27.0,44.0,11.0,20.0
05/15/2019,77.0,O3,134,5.0,0.0,38.0,77.0,16.0,36.0
05/16/2019,58.0,O3,135,8.0,0.0,25.0,58.0,19.0,46.0
05/17/2019,71.0,O3,136,5.0,0.0,17.0,71.0,24.0,50.0
05/18/2019,51.0,O3,137,8.0,0.0,15.0,51.0,27.0,48.0
05/19/2019,52.0,PM2.5,138,9.0,0.0,21.0,45.0,24.0,52.0
05/20/2019,48.0,PM2.5,139,7.0,0.0,32.0,44.0,25.0,48.0
05/21/2019,50.0,O3,140,7.0,0.0,21.0,50.0,22.0,40.0
05/22/2019,44.0,O3,141,7.0,0.0,25.0,44.0,24.0,44.0
05/23/2019,46.0,PM2.5,142,3.0,0.0,15.0,45.0,23.0,46.0
05/24/2019,58.0,O3,143,6.0,0.0,25.0,58.0,28.0,51.0
05/25/2019,51.0,PM2.5,144,8.0,0.0,21.0,44.0,29.0,51.0
05/26/2019,52.0,PM2.5,145,8.0,0.0,23.0,44.0,30.0,52.0
05/27/2019,57.0,PM2.5,146,7.0,0.0,19.0,43.0,29.0,57.0
05/28/2019,49.0,PM2.5,147,6.0,0.0,29.0,48.0,28.0,49.0
05/29/2019,51.0,O3,148,6.0,0.0,25.0,51.0,27.0,50.0
05/30/2019,43.0,O3,149,6.0,0.0,22.0,43.0,26.0,41.0
05/31/2019,50.0,PM2.5,150,3.0,0.0,23.0,44.0,21.0,50.0
06/01/2019,71.0,O3,151,6.0,0.0,31.0,71.0,20.0,40.0
06/02/2019,61.0,O3,152,6.0,0.0,31.0,61.0,22.0,41.0
06/03/2019,93.0,O3,153,5.0,0.0,17.0,93.0,27.0,57.0
06/04/2019,59.0,PM2.5,154,5.0,0.0,38.0,58.0,29.0,59.0
06/05/2019,54.0,PM2.5,155,7.0,0.0,22.0,41.0,33.0,54.0
06/06/2019,43.0,PM2.5,156,5.0,0.0,18.0,24.0,17.0,43.0
06/07/2019,28.0,O3,157,2.0,0.0,7.0,28.0,17.0,20.0
06/08/2019,25.0,O3,158,2.0,0.0,8.0,25.0,,
06/09/2019,25.0,O3,159,3.0,0.0,2.0,25.0,,
06/10/2019,25.0,O3,160,3.0,0.0,16.0,25.0,,
06/11/2019,39.0,O3,161,3.0,0.0,8.0,39.0,,30.0
06/12/2019,29.0,O3,162,2.0,0.0,11.0,29.0,,21.0
06/13/2019,44.0,O3,163,3.0,0.0,23.0,44.0,12.0,23.0
06/14/2019,112.0,O3,164,6.0,0.0,17.0,112.0,15.0,27.0
06/15/2019,44.0,O3,165,6.0,0.0,22.0,44.0,16.0,38.0
06/16/2019,39.0,PM2.5,166,3.0,0.0,10.0,34.0,16.0,39.0
06/17/2019,37.0,O3,167,6.0,0.0,11.0,37.0,16.0,31.0
06/18/2019,23.0,PM2.5,168,3.0,0.0,9.0,21.0,13.0,23.0
06/19/2019,33.0,O3,169,2.0,0.0,6.0,33.0,16.0,26.0
06/20/2019,41.0,O3,170,2.0,0.0,24.0,41.0,17.0,26.0
06/21/2019,48.0,O3,171,3.0,0.0,20.0,48.0,15.0,35.0
06/22/2019,32.0,PM2.5,172,2.0,0.0,11.0,26.0,20.0,32.0
06/23/2019,28.0,PM2.5,173,3.0,0.0,8.0,25.0,23.0,28.0
06/24/2019,52.0,PM2.5,174,2.0,0.0,8.0,20.0,37.0,52.0
06/25/2019,44.0,O3,175,3.0,0.0,25.0,44.0,19.0,27.0
06/26/2019,42.0,O3,176,5.0,0.0,18.0,42.0,19.0,40.0
06/27/2019,48.0,O3,177,6.0,0.0,19.0,48.0,20.0,43.0
06/28/2019,46.0,O3,178,6.0,0.0,12.0,46.0,18.0,39.0
06/29/2019,33.0,PM2.5,179,3.0,0.0,10.0,32.0,16.0,33.0
06/30/2019,44.0,O3,180,5.0,0.0,8.0,44.0,18.0,40.0
07/01/2019,51.0,O3,181,5.0,1.0,,51.0,19.0,51.0
07/02/2019,74.0,O3,182,5.0,0.0,,74.0,20.0,45.0
07/03/2019,52.0,PM2.5,183,5.0,0.0,,46.0,24.0,52.0
07/04/2019,58.0,PM2.5,184,3.0,0.0,,44.0,30.0,58.0
07/05/2019,44.0,O3,185,2.0,0.0,,44.0,22.0,43.0
07/06/2019,52.0,PM2.5,186,3.0,0.0,,40.0,31.0,52.0
07/07/2019,49.0,PM2.5,187,5.0,0.0,,33.0,29.0,49.0
07/08/2019,42.0,O3,188,3.0,0.0,,42.0,23.0,35.0
07/09/2019,35.0,O3,189,5.0,0.0,,35.0,18.0,35.0
07/10/2019,37.0,PM2.5,190,2.0,0.0,,34.0,17.0,37.0
07/11/2019,28.0,O3,191,2.0,0.0,,28.0,16.0,25.0
07/12/2019,31.0,O3,192,1.0,0.0,,31.0,13.0,23.0
07/13/2019,29.0,PM2.5,193,5.0,0.0,,20.0,18.0,29.0
07/14/2019,40.0,PM2.5,194,5.0,0.0,,26.0,28.0,40.0
07/15/2019,53.0,PM2.5,195,6.0,0.0,,29.0,36.0,53.0
07/16/2019,62.0,PM2.5,196,6.0,0.0,,28.0,39.0,62.0
07/17/2019,43.0,PM2.5,197,3.0,0.0,,26.0,29.0,43.0
07/18/2019,32.0,PM2.5,198,3.0,0.0,12.0,28.0,24.0,32.0
07/19/2019,34.0,PM2.5,199,5.0,0.0,10.0,23.0,25.0,34.0
07/20/2019,29.0,PM2.5,200,2.0,0.0,7.0,28.0,19.0,29.0
07/21/2019,31.0,O3,201,3.0,0.0,8.0,31.0,16.0,19.0
07/22/2019,33.0,O3,202,2.0,0.0,10.0,33.0,13.0,22.0
07/23/2019,26.0,O3,203,2.0,0.0,11.0,26.0,10.0,22.0
07/24/2019,46.0,O3,204,2.0,0.0,11.0,46.0,13.0,25.0
07/25/2019,47.0,O3,205,5.0,0.0,30.0,47.0,15.0,35.0
07/26/2019,54.0,O3,206,7.0,0.0,20.0,54.0,16.0,35.0
07/27/2019,48.0,O3,207,5.0,0.0,22.0,48.0,17.0,46.0
07/28/2019,71.0,O3,208,8.0,0.0,17.0,71.0,20.0,54.0
07/29/2019,71.0,O3,209,7.0,0.0,36.0,71.0,21.0,56.0
07/30/2019,77.0,O3,210,7.0,0.0,20.0,77.0,22.0,54.0
07/31/2019,61.0,O3,211,6.0,0.0,20.0,61.0,20.0,55.0
08/01/2019,50.0,O3,212,5.0,0.0,18.0,50.0,19.0,43.0
08/02/2019,37.0,O3,213,3.0,0.0,19.0,37.0,15.0,36.0
08/03/2019,35.0,O3,214,3.0,0.0,12.0,35.0,13.0,32.0
08/04/2019,42.0,O3,215,3.0,0.0,16.0,42.0,11.0,20.0
08/05/2019,49.0,O3,216,6.0,0.0,12.0,49.0,16.0,33.0
08/06/2019,48.0,O3,217,5.0,0.0,25.0,48.0,19.0,39.0
08/07/2019,43.0,O3,218,6.0,0.0,15.0,43.0,20.0,39.0
08/08/2019,46.0,O3,219,3.0,1.0,25.0,46.0,16.0,35.0
08/09/2019,71.0,O3,220,5.0,0.0,28.0,71.0,17.0,43.0
08/10/2019,40.0,O3,221,7.0,0.0,19.0,40.0,17.0,39.0
08/11/2019,48.0,PM2.5,222,6.0,0.0,8.0,38.0,20.0,48.0
08/12/2019,53.0,PM2.5,223,3.0,0.0,9.0,42.0,18.0,53.0
08/13/2019,50.0,O3,224,3.0,1.0,18.0,50.0,19.0,46.0
08/14/2019,74.0,O3,225,3.0,0.0,15.0,74.0,13.0,29.0
08/15/2019,49.0,O3,226,3.0,0.0,34.0,49.0,14.0,30.0
08/16/2019,90.0,O3,227,6.0,0.0,31.0,90.0,16.0,35.0
08/17/2019,108.0,O3,228,8.0,0.0,36.0,108.0,17.0,43.0
08/18/2019,67.0,O3,229,7.0,0.0,21.0,67.0,15.0,43.0
08/19/2019,35.0,O3,230,3.0,0.0,11.0,35.0,14.0,25.0
08/20/2019,50.0,O3,231,2.0,0.0,9.0,50.0,10.0,21.0
08/21/2019,37.0,O3,232,2.0,0.0,16.0,37.0,19.0,35.0
08/22/2019,37.0,O3,233,2.0,0.0,12.0,37.0,22.0,32.0
08/23/2019,36.0,O3,234,2.0,0.0,19.0,36.0,12.0,27.0
08/24/2019,41.0,O3,235,2.0,0.0,9.0,41.0,14.0,31.0
08/25/2019,24.0,O3,236,,0.0,3.0,24.0,11.0,17.0
08/26/2019,26.0,PM2.5,237,,0.0,13.0,23.0,12.0,26.0
08/27/2019,25.0,O3,238,3.0,0.0,8.0,25.0,14.0,23.0
08/28/2019,36.0,O3,239,3.0,0.0,17.0,36.0,16.0,20.0
08/29/2019,100.0,O3,240,5.0,0.0,24.0,100.0,14.0,28.0
08/30/2019,51.0,O3,241,8.0,0.0,24.0,51.0,15.0,30.0
08/31/2019,42.0,O3,242,7.0,0.0,22.0,42.0,16.0,32.0
09/01/2019,39.0,PM2.5,243,5.0,0.0,10.0,31.0,16.0,39.0
09/02/2019,37.0,O3,244,6.0,0.0,23.0,37.0,14.0,35.0
09/03/2019,44.0,O3,245,8.0,0.0,29.0,44.0,17.0,33.0
09/04/2019,51.0,O3,246,7.0,0.0,23.0,51.0,18.0,42.0
09/05/2019,49.0,O3,247,3.0,0.0,12.0,49.0,18.0,41.0
09/06/2019,58.0,O3,248,5.0,0.0,32.0,58.0,17.0,35.0
09/07/2019,58.0,O3,249,6.0,0.0,28.0,58.0,21.0,53.0
09/08/2019,97.0,O3,250,7.0,0.0,29.0,97.0,17.0,45.0
09/09/2019,159.0,O3,251,8.0,0.0,29.0,159.0,21.0,44.0
09/10/2019,56.0,PM2.5,252,3.0,0.0,22.0,49.0,22.0,56.0
09/11/2019,54.0,O3,253,5.0,0.0,30.0,54.0,19.0,52.0
09/12/2019,77.0,O3,254,9.0,0.0,33.0,77.0,22.0,56.0
09/13/2019,67.0,O3,255,8.0,1.0,28.0,67.0,23.0,55.0
09/14/2019,42.0,PM2.5,256,3.0,0.0,8.0,38.0,14.0,42.0
09/15/2019,44.0,O3,257,3.0,0.0,24.0,44.0,14.0,33.0
09/16/2019,74.0,O3,258,8.0,0.0,33.0,74.0,18.0,51.0
09/17/2019,90.0,O3,259,8.0,0.0,30.0,90.0,21.0,53.0
09/18/2019,39.0,PM2.5,260,5.0,0.0,25.0,38.0,19.0,39.0
09/19/2019,40.0,O3,261,2.0,0.0,8.0,40.0,15.0,29.0
09/20/2019,46.0,O3,262,3.0,0.0,26.0,46.0,17.0,32.0
09/21/2019,40.0,O3,263,7.0,0.0,24.0,40.0,15.0,23.0
09/22/2019,43.0,O3,264,8.0,0.0,25.0,43.0,14.0,30.0
09/23/2019,50.0,O3,265,8.0,0.0,30.0,50.0,17.0,39.0
09/24/2019,49.0,O3,266,7.0,0.0,34.0,49.0,19.0,43.0
09/25/2019,61.0,O3,267,7.0,1.0,40.0,61.0,19.0,35.0
09/26/2019,46.0,O3,268,9.0,0.0,31.0,46.0,21.0,42.0
09/27/2019,54.0,O3,269,7.0,0.0,25.0,54.0,19.0,40.0
09/28/2019,51.0,PM2.5,270,3.0,0.0,11.0,46.0,21.0,51.0
09/29/2019,40.0,PM2.5,271,6.0,0.0,19.0,36.0,19.0,40.0
09/30/2019,100.0,O3,272,10.0,0.0,38.0,100.0,19.0,41.0
10/01/2019,58.0,O3,273,7.0,0.0,22.0,58.0,22.0,54.0
10/02/2019,84.0,O3,274,7.0,0.0,38.0,84.0,23.0,59.0
10/03/2019,108.0,O3,275,9.0,1.0,38.0,108.0,25.0,60.0
10/04/2019,84.0,O3,276,9.0,0.0,33.0,84.0,21.0,51.0
10/05/2019,40.0,PM2.5,277,7.0,0.0,26.0,29.0,19.0,40.0
10/06/2019,27.0,O3,278,2.0,0.0,7.0,27.0,16.0,23.0
10/07/2019,33.0,O3,279,2.0,0.0,19.0,33.0,16.0,24.0
10/08/2019,38.0,O3,280,3.0,0.0,21.0,38.0,12.0,24.0
10/09/2019,27.0,O3,281,2.0,0.0,13.0,27.0,11.0,13.0
10/10/2019,36.0,O3,282,5.0,0.0,27.0,36.0,14.0,28.0
10/11/2019,42.0,O3,283,7.0,0.0,24.0,42.0,15.0,33.0
10/12/2019,38.0,O3,284,8.0,0.0,16.0,38.0,16.0,27.0
10/13/2019,22.0,PM2.5,285,3.0,0.0,9.0,9.0,11.0,22.0
10/14/2019,31.0,O3,286,5.0,0.0,30.0,31.0,13.0,25.0
10/15/2019,30.0,PM2.5,287,7.0,0.0,17.0,19.0,15.0,30.0
10/16/2019,25.0,O3,288,3.0,0.0,11.0,25.0,10.0,16.0
10/17/2019,26.0,O3,289,3.0,0.0,23.0,26.0,10.0,18.0
10/18/2019,32.0,O3,290,5.0,0.0,17.0,32.0,11.0,26.0
10/19/2019,25.0,O3,291,3.0,0.0,6.0,25.0,7.0,16.0
10/20/2019,23.0,O3,292,5.0,0.0,10.0,23.0,9.0,14.0
10/21/2019,29.0,PM2.5,293,7.0,0.0,8.0,25.0,15.0,29.0
10/22/2019,31.0,O3,294,3.0,0.0,26.0,31.0,14.0,18.0
10/23/2019,34.0,O3,295,6.0,0.0,16.0,34.0,9.0,18.0
10/24/2019,36.0,O3,296,9.0,0.0,13.0,36.0,11.0,28.0
10/25/2019,33.0,PM2.5,297,2.0,0.0,9.0,25.0,15.0,33.0
10/26/2019,22.0,O3,298,2.0,0.0,1.0,22.0,13.0,21.0
10/27/2019,27.0,O3,299,3.0,0.0,13.0,27.0,12.0,14.0
10/28/2019,29.0,O3,300,6.0,0.0,18.0,29.0,13.0,28.0
10/29/2019,50.0,PM2.5,301,9.0,0.0,12.0,21.0,18.0,50.0
10/30/2019,18.0,PM2.5,302,3.0,0.0,5.0,11.0,12.0,18.0
10/31/2019,18.0,O3,303,2.0,0.0,4.0,18.0,11.0,13.0
11/01/2019,23.0,PM2.5,304,5.0,0.0,20.0,21.0,10.0,23.0
11/02/2019,29.0,PM2.5,305,7.0,1.0,24.0,25.0,14.0,29.0
11/03/2019,35.0,O3,306,6.0,0.0,20.0,35.0,10.0,30.0
11/04/2019,39.0,PM2.5,307,9.0,0.0,15.0,25.0,14.0,39.0
11/05/2019,32.0,PM2.5,308,6.0,0.0,23.0,19.0,17.0,32.0
11/06/2019,51.0,PM2.5,309,8.0,0.0,19.0,36.0,19.0,51.0
11/07/2019,48.0,PM2.5,310,5.0,0.0,16.0,28.0,19.0,48.0
11/08/2019,23.0,PM2.5,311,3.0,0.0,19.0,16.0,11.0,23.0
11/09/2019,32.0,O3,312,6.0,0.0,17.0,32.0,12.0,31.0
11/10/2019,51.0,PM2.5,313,11.0,0.0,22.0,33.0,17.0,51.0
11/11/2019,55.0,PM2.5,314,11.0,3.0,32.0,30.0,19.0,55.0
11/12/2019,22.0,O3,315,6.0,0.0,13.0,22.0,9.0,18.0
11/13/2019,31.0,O3,316,2.0,0.0,23.0,31.0,8.0,19.0
11/14/2019,32.0,PM2.5,317,3.0,0.0,24.0,20.0,14.0,32.0
11/15/2019,39.0,PM2.5,318,5.0,0.0,18.0,14.0,15.0,39.0
11/16/2019,39.0,PM2.5,319,5.0,0.0,19.0,30.0,15.0,39.0
11/17/2019,32.0,O3,320,5.0,0.0,15.0,32.0,13.0,31.0
11/18/2019,41.0,PM2.5,321,3.0,0.0,23.0,35.0,15.0,41.0
11/19/2019,52.0,PM2.5,322,5.0,0.0,28.0,30.0,18.0,52.0
11/20/2019,29.0,NO2,323,6.0,0.0,29.0,29.0,12.0,22.0
11/21/2019,48.0,PM2.5,324,10.0,0.0,21.0,32.0,17.0,48.0
11/22/2019,65.0,PM2.5,325,6.0,0.0,19.0,26.0,25.0,65.0
11/23/2019,30.0,PM2.5,326,5.0,0.0,10.0,24.0,16.0,30.0
11/24/2019,25.0,O3,327,3.0,0.0,21.0,25.0,7.0,16.0
11/25/2019,40.0,PM2.5,328,6.0,0.0,25.0,25.0,15.0,40.0
11/26/2019,43.0,PM2.5,329,10.0,0.0,20.0,34.0,19.0,43.0
11/27/2019,32.0,O3,330,2.0,1.0,8.0,32.0,15.0,29.0
11/28/2019,30.0,O3,331,2.0,0.0,8.0,30.0,7.0,15.0
11/29/2019,28.0,PM2.5,332,7.0,0.0,27.0,26.0,12.0,28.0
11/30/2019,54.0,PM2.5,333,9.0,0.0,16.0,34.0,20.0,54.0
12/01/2019,35.0,O3,334,2.0,0.0,6.0,35.0,11.0,17.0
12/02/2019,22.0,O3,335,2.0,0.0,8.0,22.0,6.0,5.0
12/03/2019,21.0,O3,336,2.0,1.0,11.0,21.0,8.0,17.0
12/04/2019,33.0,NO2,337,3.0,1.0,33.0,31.0,12.0,24.0
12/05/2019,37.0,NO2,338,8.0,0.0,37.0,27.0,12.0,24.0
12/06/2019,54.0,PM2.5,339,13.0,0.0,25.0,19.0,23.0,54.0
12/07/2019,58.0,PM2.5,340,9.0,0.0,23.0,31.0,23.0,58.0
12/08/2019,31.0,O3,341,3.0,0.0,11.0,31.0,13.0,31.0
12/09/2019,46.0,PM2.5,342,5.0,0.0,17.0,24.0,18.0,46.0
12/10/2019,24.0,O3,343,5.0,0.0,13.0,24.0,10.0,23.0
12/11/2019,26.0,O3,344,3.0,0.0,23.0,26.0,6.0,13.0
12/12/2019,31.0,O3,345,6.0,0.0,25.0,31.0,8.0,22.0
12/13/2019,19.0,O3,346,3.0,0.0,14.0,19.0,6.0,12.0
12/14/2019,24.0,O3,347,5.0,0.0,18.0,24.0,11.0,24.0
12/15/2019,52.0,PM2.5,348,9.0,0.0,11.0,24.0,18.0,52.0
12/16/2019,42.0,PM2.5,349,3.0,0.0,21.0,30.0,15.0,42.0
12/17/2019,23.0,O3,350,3.0,0.0,7.0,23.0,9.0,11.0
12/18/2019,29.0,O3,351,2.0,1.0,25.0,29.0,9.0,24.0
12/19/2019,36.0,PM2.5,352,7.0,0.0,31.0,29.0,14.0,36.0
12/20/2019,36.0,PM2.5,353,11.0,0.0,28.0,29.0,17.0,36.0
12/21/2019,45.0,PM2.5,354,5.0,0.0,14.0,23.0,17.0,45.0
12/22/2019,32.0,PM2.5,355,3.0,0.0,7.0,31.0,11.0,32.0
12/23/2019,30.0,O3,356,2.0,0.0,6.0,30.0,3.0,3.0
12/24/2019,31.0,O3,357,6.0,0.0,19.0,31.0,6.0,10.0
12/25/2019,35.0,PM2.5,358,13.0,0.0,25.0,33.0,14.0,35.0
12/26/2019,41.0,PM2.5,359,11.0,0.0,26.0,27.0,19.0,41.0
12/27/2019,47.0,PM2.5,360,10.0,0.0,22.0,18.0,19.0,47.0
12/28/2019,30.0,PM2.5,361,6.0,0.0,10.0,26.0,15.0,30.0
12/29/2019,23.0,O3,362,2.0,0.0,2.0,23.0,7.0,9.0
12/30/2019,31.0,O3,363,2.0,0.0,9.0,31.0,7.0,13.0
12/31/2019,31.0,O3,364,2.0,0.0,15.0,31.0,6.0,13.0
01/01/2020,34.0,O3,0,3.0,0.0,23.0,34.0,8.0,22.0
01/02/2020,40.0,PM2.5,1,8.0,0.0,21.0,19.0,14.0,40.0
01/03/2020,24.0,PM2.5,2,6.0,0.0,20.0,19.0,13.0,24.0
01/04/2020,29.0,O3,3,5.0,0.0,7.0,29.0,8.0,12.0
01/05/2020,27.0,O3,4,6.0,0.0,22.0,27.0,7.0,19.0
01/06/2020,40.0,PM2.5,5,8.0,1.0,31.0,28.0,13.0,40.0
01/07/2020,34.0,O3,6,8.0,0.0,23.0,34.0,10.0,26.0
01/08/2020,38.0,NO2,7,7.0,0.0,38.0,31.0,10.0,22.0
01/09/2020,41.0,PM2.5,8,11.0,0.0,28.0,36.0,16.0,41.0
01/10/2020,27.0,O3,9,2.0,0.0,22.0,27.0,16.0,27.0
01/11/2020,24.0,O3,10,2.0,0.0,1.0,24.0,11.0,18.0
01/12/2020,26.0,O3,11,3.0,0.0,13.0,26.0,10.0,18.0
01/13/2020,16.0,O3,12,3.0,0.0,14.0,16.0,11.0,16.0
01/14/2020,19.0,NO2,13,3.0,0.0,19.0,15.0,8.0,10.0
01/15/2020,17.0,NO2,14,5.0,0.0,17.0,16.0,10.0,17.0
01/16/2020,25.0,O3,15,2.0,0.0,15.0,25.0,10.0,15.0
01/17/2020,31.0,O3,16,3.0,0.0,25.0,31.0,6.0,14.0
01/18/2020,27.0,O3,17,3.0,0.0,16.0,27.0,10.0,26.0
01/19/2020,31.0,O3,18,5.0,0.0,15.0,31.0,6.0,13.0
01/20/2020,27.0,PM2.5,19,2.0,0.0,8.0,24.0,10.0,27.0
01/21/2020,31.0,PM2.5,20,3.0,0.0,20.0,24.0,11.0,31.0
01/22/2020,31.0,O3,21,5.0,0.0,30.0,31.0,16.0,29.0
01/23/2020,30.0,O3,22,3.0,0.0,11.0,30.0,11.0,23.0
01/24/2020,24.0,PM2.5,23,6.0,0.0,23.0,16.0,9.0,24.0
01/25/2020,20.0,O3,24,7.0,0.0,18.0,20.0,7.0,13.0
01/26/2020,24.0,O3,25,3.0,0.0,21.0,24.0,9.0,22.0
01/27/2020,32.0,PM2.5,26,6.0,0.0,21.0,21.0,12.0,32.0
01/28/2020,32.0,NO2,27,6.0,0.0,32.0,28.0,11.0,20.0
01/29/2020,34.0,PM2.5,28,10.0,0.0,25.0,23.0,13.0,34.0
01/30/2020,43.0,PM2.5,29,7.0,0.0,25.0,34.0,15.0,43.0
01/31/2020,24.0,PM2.5,30,5.0,0.0,19.0,20.0,12.0,24.0
02/01/2020,38.0,PM2.5,31,3.0,0.0,11.0,19.0,14.0,38.0
02/02/2020,35.0,NO2,32,5.0,0.0,35.0,33.0,7.0,18.0
02/03/2020,38.0,O3,33,8.0,0.0,25.0,38.0,12.0,34.0
02/04/2020,32.0,O3,34,2.0,0.0,15.0,32.0,11.0,26.0
02/05/2020,30.0,PM2.5,35,2.0,0.0,5.0,27.0,11.0,30.0
02/06/2020,21.0,O3,36,2.0,0.0,11.0,21.0,8.0,10.0
02/07/2020,25.0,NO2,37,3.0,0.0,25.0,24.0,4.0,8.0
02/08/2020,43.0,PM2.5,38,7.0,0.0,19.0,12.0,12.0,43.0
02/09/2020,28.0,O3,39,3.0,0.0,8.0,28.0,9.0,19.0
02/10/2020,32.0,PM2.5,40,3.0,0.0,18.0,13.0,12.0,32.0
02/11/2020,25.0,PM2.5,41,3.0,0.0,8.0,17.0,11.0,25.0
02/12/2020,18.0,O3,42,2.0,0.0,11.0,18.0,12.0,15.0
02/13/2020,23.0,O3,43,2.0,0.0,14.0,23.0,7.0,13.0
02/14/2020,30.0,O3,44,2.0,0.0,12.0,30.0,7.0,16.0
02/15/2020,34.0,O3,45,3.0,0.0,25.0,34.0,9.0,19.0
02/16/2020,39.0,PM2.5,46,5.0,0.0,18.0,19.0,13.0,39.0
02/17/2020,24.0,O3,47,3.0,0.0,14.0,24.0,9.0,19.0
02/18/2020,19.0,NO2,48,3.0,0.0,19.0,10.0,7.0,13.0
02/19/2020,24.0,O3,49,3.0,0.0,19.0,24.0,10.0,17.0
02/20/2020,24.0,O3,50,2.0,0.0,9.0,24.0,6.0,12.0
02/21/2020,29.0,O3,51,2.0,0.0,22.0,29.0,9.0,17.0
02/22/2020,36.0,PM2.5,52,7.0,0.0,30.0,29.0,13.0,36.0
02/23/2020,42.0,PM2.5,53,13.0,0.0,25.0,33.0,14.0,42.0
02/24/2020,26.0,O3,54,7.0,0.0,24.0,26.0,12.0,13.0
02/25/2020,29.0,NO2,55,3.0,0.0,29.0,20.0,11.0,20.0
02/26/2020,29.0,O3,56,5.0,0.0,17.0,29.0,9.0,18.0
02/27/2020,35.0,NO2,57,3.0,0.0,35.0,33.0,6.0,15.0
02/28/2020,35.0,O3,58,6.0,0.0,30.0,35.0,12.0,28.0
02/29/2020,36.0,O3,59,3.0,0.0,29.0,36.0,8.0,17.0
03/01/2020,44.0,O3,60,8.0,0.0,26.0,44.0,17.0,42.0
03/02/2020,59.0,PM2.5,61,5.0,0.0,35.0,29.0,21.0,59.0
03/03/2020,29.0,O3,62,5.0,0.0,17.0,29.0,14.0,28.0
03/04/2020,31.0,NO2,63,5.0,0.0,31.0,19.0,14.0,19.0
03/05/2020,31.0,O3,64,5.0,0.0,13.0,31.0,6.0,12.0
03/06/2020,35.0,O3,65,2.0,0.0,16.0,35.0,10.0,12.0
03/07/2020,38.0,NO2,66,5.0,0.0,38.0,38.0,8.0,15.0
03/08/2020,40.0,O3,67,11.0,0.0,31.0,40.0,16.0,40.0
03/09/2020,42.0,PM2.5,68,8.0,0.0,29.0,38.0,19.0,42.0
03/10/2020,31.0,O3,69,3.0,0.0,21.0,31.0,17.0,27.0
03/11/2020,28.0,O3,70,3.0,0.0,19.0,28.0,12.0,26.0
03/12/2020,37.0,PM2.5,71,5.0,0.0,12.0,30.0,15.0,37.0
03/13/2020,32.0,PM2.5,72,3.0,0.0,22.0,23.0,14.0,32.0
03/14/2020,36.0,PM2.5,73,3.0,0.0,16.0,35.0,15.0,36.0
03/15/2020,28.0,O3,74,3.0,0.0,17.0,28.0,9.0,23.0
03/16/2020,28.0,PM2.5,75,2.0,0.0,8.0,23.0,16.0,28.0
03/17/2020,54.0,PM2.5,76,6.0,0.0,23.0,15.0,25.0,54.0
03/18/2020,59.0,PM2.5,77,9.0,0.0,11.0,26.0,24.0,59.0
03/19/2020,52.0,PM2.5,78,3.0,0.0,21.0,31.0,19.0,52.0
03/20/2020,38.0,PM2.5,79,5.0,0.0,17.0,31.0,18.0,38.0
03/21/2020,31.0,O3,80,2.0,0.0,9.0,31.0,10.0,18.0
03/22/2020,25.0,PM2.5,81,2.0,0.0,7.0,20.0,12.0,25.0
03/23/2020,15.0,O3,82,3.0,0.0,8.0,15.0,9.0,15.0
03/24/2020,18.0,PM2.5,83,3.0,0.0,8.0,17.0,12.0,18.0
03/25/2020,36.0,O3,84,3.0,0.0,24.0,36.0,10.0,17.0
03/26/2020,41.0,O3,85,5.0,0.0,29.0,41.0,15.0,35.0
03/27/2020,56.0,PM2.5,86,8.0,0.0,24.0,46.0,22.0,56.0
03/28/2020,52.0,PM2.5,87,3.0,0.0,20.0,30.0,19.0,52.0
03/29/2020,43.0,PM2.5,88,2.0,0.0,17.0,41.0,18.0,43.0
03/30/2020,44.0,O3,89,2.0,0.0,15.0,44.0,15.0,29.0
03/31/2020,31.0,O3,90,3.0,0.0,25.0,31.0,,31.0
04/01/2020,33.0,O3,91,2.0,0.0,8.0,33.0,,15.0
04/02/2020,40.0,O3,92,3.0,0.0,34.0,40.0,,20.0
04/03/2020,47.0,O3,93,5.0,0.0,39.0,47.0,,23.0
04/04/2020,48.0,O3,94,6.0,0.0,33.0,48.0,,43.0
04/05/2020,57.0,PM2.5,95,7.0,0.0,29.0,50.0,,57.0
04/06/2020,52.0,PM2.5,96,6.0,0.0,36.0,46.0,,52.0
04/07/2020,57.0,PM2.5,97,6.0,0.0,22.0,35.0,23.0,57.0
04/08/2020,41.0,PM2.5,98,3.0,0.0,11.0,25.0,16.0,41.0
04/09/2020,39.0,O3,99,2.0,0.0,11.0,39.0,16.0,27.0
04/10/2020,41.0,O3,100,2.0,0.0,19.0,41.0,13.0,19.0
04/11/2020,47.0,O3,101,3.0,0.0,27.0,47.0,14.0,34.0
04/12/2020,34.0,PM2.5,102,1.0,0.0,22.0,25.0,20.0,34.0
04/13/2020,37.0,O3,103,1.0,0.0,6.0,37.0,15.0,25.0
04/14/2020,37.0,O3,104,2.0,0.0,11.0,37.0,10.0,20.0
04/15/2020,43.0,O3,105,1.0,0.0,11.0,43.0,9.0,13.0
04/16/2020,47.0,O3,106,3.0,0.0,33.0,47.0,12.0,28.0
04/17/2020,45.0,O3,107,7.0,0.0,25.0,45.0,15.0,39.0
04/18/2020,39.0,O3,108,5.0,0.0,24.0,39.0,14.0,26.0
04/19/2020,32.0,PM2.5,109,6.0,0.0,18.0,19.0,12.0,32.0
04/20/2020,39.0,O3,110,3.0,0.0,22.0,39.0,7.0,16.0
04/21/2020,42.0,O3,111,5.0,0.0,31.0,42.0,13.0,23.0
04/22/2020,42.0,O3,112,3.0,0.0,25.0,42.0,11.0,25.0
04/23/2020,29.0,O3,113,3.0,0.0,17.0,29.0,9.0,17.0
04/24/2020,30.0,O3,114,5.0,0.0,16.0,30.0,10.0,15.0
04/25/2020,24.0,PM2.5,115,7.0,0.0,10.0,0.0,12.0,24.0
04/26/2020,37.0,O3,116,2.0,0.0,2.0,37.0,6.0,10.0
04/27/2020,42.0,O3,117,3.0,0.0,30.0,42.0,9.0,19.0
04/28/2020,46.0,O3,118,7.0,0.0,23.0,46.0,22.0,42.0
04/29/2020,36.0,PM2.5,119,5.0,0.0,18.0,35.0,19.0,36.0
04/30/2020,27.0,O3,120,3.0,0.0,13.0,27.0,11.0,15.0
05/01/2020,44.0,O3,121,5.0,0.0,26.0,44.0,11.0,22.0
05/02/2020,87.0,O3,122,6.0,0.0,37.0,87.0,15.0,36.0
05/03/2020,49.0,O3,123,10.0,0.0,23.0,49.0,15.0,39.0
05/04/2020,47.0,O3,124,3.0,0.0,25.0,47.0,15.0,37.0
05/05/2020,41.0,PM2.5,125,5.0,0.0,14.0,36.0,18.0,41.0
05/06/2020,38.0,O3,126,3.0,0.0,25.0,38.0,12.0,13.0
05/07/2020,44.0,O3,127,3.0,0.0,31.0,44.0,9.0,20.0
05/08/2020,33.0,PM2.5,128,6.0,0.0,22.0,28.0,13.0,33.0
05/09/2020,41.0,O3,129,3.0,0.0,24.0,41.0,10.0,13.0
05/10/2020,47.0,O3,130,5.0,0.0,27.0,47.0,10.0,26.0
05/11/2020,42.0,O3,131,5.0,0.0,27.0,42.0,10.0,20.0
05/12/2020,51.0,O3,132,5.0,0.0,31.0,51.0,12.0,20.0
05/13/2020,44.0,O3,133,6.0,0.0,26.0,44.0,17.0,34.0
05/14/2020,42.0,O3,134,2.0,0.0,5.0,42.0,15.0,30.0
05/15/2020,44.0,O3,135,3.0,0.0,13.0,44.0,15.0,18.0
05/16/2020,39.0,O3,136,6.0,0.0,18.0,39.0,16.0,32.0
05/17/2020,31.0,O3,137,7.0,0.0,13.0,31.0,15.0,30.0
05/18/2020,29.0,O3,138,2.0,0.0,5.0,29.0,14.0,16.0
05/19/2020,34.0,O3,139,3.0,0.0,16.0,34.0,12.0,18.0
05/20/2020,19.0,O3,140,3.0,0.0,4.0,19.0,6.0,7.0
05/21/2020,35.0,O3,141,3.0,0.0,7.0,35.0,9.0,11.0
05/22/2020,40.0,O3,142,5.0,0.0,8.0,40.0,15.0,28.0
05/23/2020,36.0,PM2.5,143,3.0,0.0,8.0,32.0,20.0,36.0
05/24/2020,34.0,O3,144,3.0,0.0,11.0,34.0,17.0,23.0
05/25/2020,36.0,PM2.5,145,3.0,0.0,8.0,26.0,18.0,36.0
05/26/2020,23.0,O3,146,2.0,0.0,3.0,23.0,12.0,20.0
05/27/2020,15.0,O3,147,2.0,0.0,6.0,15.0,12.0,13.0
05/28/2020,31.0,O3,148,3.0,0.0,9.0,31.0,15.0,18.0
05/29/2020,35.0,O3,149,7.0,0.0,8.0,35.0,20.0,31.0
05/30/2020,43.0,O3,150,5.0,0.0,15.0,43.0,19.0,27.0
05/31/2020,42.0,O3,151,5.0,0.0,20.0,42.0,16.0,33.0
06/01/2020,38.0,PM2.5,152,3.0,0.0,15.0,35.0,17.0,38.0
06/02/2020,44.0,O3,153,3.0,0.0,25.0,44.0,19.0,25.0
06/03/2020,47.0,PM2.5,154,7.0,0.0,23.0,45.0,21.0,47.0
06/04/2020,42.0,O3,155,3.0,0.0,12.0,42.0,18.0,38.0
06/05/2020,23.0,O3,156,3.0,0.0,8.0,23.0,17.0,23.0
06/06/2020,42.0,O3,157,3.0,0.0,8.0,42.0,16.0,32.0
06/07/2020,19.0,O3,158,2.0,0.0,3.0,19.0,12.0,17.0
06/08/2020,18.0,PM2.5,159,2.0,0.0,1.0,17.0,13.0,18.0
06/09/2020,30.0,PM2.5,160,2.0,0.0,4.0,19.0,17.0,30.0
06/10/2020,23.0,PM2.5,161,2.0,0.0,3.0,15.0,14.0,23.0
06/11/2020,46.0,O3,162,2.0,0.0,8.0,46.0,19.0,27.0
06/12/2020,43.0,O3,163,3.0,0.0,18.0,43.0,16.0,29.0
06/13/2020,48.0,O3,164,5.0,0.0,25.0,48.0,16.0,36.0
06/14/2020,38.0,O3,165,10.0,0.0,20.0,38.0,19.0,26.0
06/15/2020,36.0,O3,166,5.0,0.0,11.0,36.0,17.0,30.0
06/16/2020,33.0,O3,167,2.0,0.0,5.0,33.0,6.0,9.0
06/17/2020,32.0,O3,168,3.0,0.0,17.0,32.0,10.0,17.0
06/18/2020,41.0,O3,169,6.0,0.0,23.0,41.0,14.0,26.0
06/19/2020,49.0,O3,170,8.0,0.0,23.0,49.0,16.0,38.0
06/20/2020,67.0,O3,171,7.0,0.0,25.0,67.0,19.0,34.0
06/21/2020,51.0,PM2.5,172,9.0,0.0,17.0,39.0,19.0,51.0
06/22/2020,40.0,PM2.5,173,3.0,0.0,15.0,36.0,17.0,40.0
06/23/2020,27.0,O3,174,2.0,0.0,11.0,27.0,10.0,18.0
06/24/2020,31.0,O3,175,2.0,0.0,16.0,31.0,12.0,24.0
06/25/2020,26.0,O3,176,2.0,0.0,9.0,26.0,16.0,23.0
06/26/2020,79.0,PM2.5,177,2.0,0.0,12.0,26.0,57.0,79.0
06/27/2020,84.0,PM2.5,178,2.0,0.0,16.0,19.0,63.0,84.0
06/28/2020,33.0,PM2.5,179,6.0,0.0,8.0,20.0,23.0,33.0
06/29/2020,32.0,PM2.5,180,2.0,0.0,11.0,28.0,19.0,32.0
06/30/2020,27.0,PM2.5,181,2.0,0.0,15.0,25.0,16.0,27.0
07/01/2020,32.0,O3,182,3.0,0.0,12.0,32.0,18.0,28.0
07/02/2020,43.0,O3,183,7.0,0.0,17.0,43.0,21.0,29.0
07/03/2020,53.0,PM2.5,184,9.0,0.0,17.0,44.0,26.0,53.0
07/04/2020,76.0,PM2.5,185,8.0,0.0,15.0,33.0,35.0,76.0
07/05/2020,104.0,PM2.5,186,9.0,0.0,16.0,29.0,42.0,104.0
07/06/2020,32.0,PM2.5,187,3.0,0.0,5.0,24.0,16.0,32.0
07/07/2020,25.0,O3,188,3.0,0.0,10.0,25.0,12.0,19.0
07/08/2020,36.0,O3,189,3.0,0.0,10.0,36.0,17.0,21.0
07/09/2020,43.0,O3,190,3.0,0.0,10.0,43.0,16.0,25.0
07/10/2020,38.0,O3,191,5.0,0.0,13.0,38.0,16.0,30.0
07/11/2020,45.0,O3,192,3.0,0.0,15.0,45.0,17.0,25.0
07/12/2020,38.0,O3,193,6.0,0.0,15.0,38.0,16.0,33.0
07/13/2020,44.0,O3,194,5.0,0.0,26.0,44.0,15.0,32.0
07/14/2020,71.0,O3,195,6.0,0.0,24.0,71.0,18.0,23.0
07/15/2020,45.0,PM2.5,196,9.0,0.0,21.0,42.0,20.0,45.0
07/16/2020,64.0,O3,197,5.0,0.0,19.0,64.0,21.0,40.0
07/17/2020,44.0,O3,198,7.0,0.0,22.0,44.0,23.0,31.0
07/18/2020,58.0,O3,199,7.0,0.0,11.0,58.0,20.0,51.0
07/19/2020,45.0,PM2.5,200,3.0,0.0,16.0,42.0,18.0,45.0
07/20/2020,84.0,O3,201,7.0,1.0,25.0,84.0,21.0,32.0
07/21/2020,44.0,O3,202,6.0,0.0,18.0,44.0,19.0,43.0
07/22/2020,40.0,O3,203,5.0,0.0,12.0,40.0,19.0,33.0
07/23/2020,25.0,O3,204,3.0,0.0,8.0,25.0,16.0,17.0
07/24/2020,29.0,O3,205,5.0,0.0,16.0,29.0,13.0,21.0
07/25/2020,30.0,O3,206,5.0,0.0,8.0,30.0,13.0,21.0
07/26/2020,43.0,O3,207,5.0,1.0,14.0,43.0,12.0,19.0
07/27/2020,41.0,O3,208,6.0,3.0,16.0,41.0,14.0,26.0
07/28/2020,34.0,O3,209,6.0,1.0,12.0,34.0,15.0,26.0
07/29/2020,20.0,O3,210,2.0,0.0,8.0,20.0,11.0,17.0
07/30/2020,30.0,PM2.5,211,2.0,1.0,8.0,20.0,19.0,30.0
07/31/2020,57.0,PM2.5,212,2.0,1.0,9.0,23.0,37.0,57.0
08/01/2020,52.0,PM2.5,213,3.0,0.0,16.0,27.0,30.0,52.0
08/02/2020,43.0,PM2.5,214,6.0,1.0,19.0,38.0,19.0,43.0
08/03/2020,38.0,PM2.5,215,8.0,0.0,13.0,27.0,21.0,38.0
08/04/2020,43.0,O3,216,5.0,0.0,20.0,43.0,19.0,31.0
08/05/2020,43.0,PM2.5,217,5.0,0.0,12.0,38.0,19.0,43.0
08/06/2020,46.0,PM2.5,218,5.0,0.0,20.0,33.0,22.0,46.0
08/07/2020,47.0,O3,219,5.0,0.0,9.0,47.0,20.0,24.0
08/08/2020,53.0,PM2.5,220,6.0,1.0,11.0,51.0,22.0,53.0
08/09/2020,53.0,PM2.5,221,3.0,0.0,14.0,44.0,20.0,53.0
08/10/2020,38.0,O3,222,3.0,1.0,15.0,38.0,19.0,37.0
08/11/2020,45.0,PM2.5,223,6.0,1.0,18.0,44.0,22.0,45.0
08/12/2020,43.0,O3,224,6.0,1.0,24.0,43.0,20.0,43.0
08/13/2020,74.0,O3,225,5.0,1.0,11.0,74.0,18.0,40.0
08/14/2020,32.0,O3,226,2.0,0.0,8.0,32.0,15.0,27.0
08/15/2020,30.0,PM2.5,227,3.0,0.0,8.0,27.0,17.0,30.0
08/16/2020,36.0,O3,228,6.0,0.0,23.0,36.0,19.0,36.0
08/17/2020,52.0,PM2.5,229,9.0,0.0,23.0,43.0,22.0,52.0
08/18/2020,43.0,O3,230,6.0,0.0,17.0,43.0,19.0,42.0
08/19/2020,39.0,O3,231,3.0,0.0,10.0,39.0,17.0,38.0
08/20/2020,33.0,PM2.5,232,2.0,0.0,12.0,27.0,18.0,33.0
08/21/2020,26.0,O3,233,2.0,0.0,8.0,26.0,15.0,23.0
08/22/2020,30.0,O3,234,2.0,0.0,5.0,30.0,15.0,19.0
08/23/2020,30.0,PM2.5,235,2.0,0.0,2.0,23.0,18.0,30.0
08/24/2020,29.0,PM2.5,236,2.0,0.0,6.0,12.0,18.0,29.0
08/25/2020,15.0,PM10,237,2.0,0.0,8.0,8.0,15.0,11.0
08/26/2020,41.0,PM2.5,238,3.0,1.0,8.0,24.0,28.0,41.0
08/27/2020,39.0,PM2.5,239,5.0,1.0,5.0,23.0,28.0,39.0
08/28/2020,23.0,PM2.5,240,2.0,1.0,4.0,15.0,18.0,23.0
08/29/2020,33.0,PM2.5,241,3.0,0.0,13.0,25.0,17.0,33.0
08/30/2020,38.0,PM2.5,242,3.0,0.0,7.0,32.0,18.0,38.0
08/31/2020,31.0,O3,243,3.0,0.0,10.0,31.0,19.0,28.0
09/01/2020,39.0,PM2.5,244,3.0,1.0,11.0,35.0,22.0,39.0
09/02/2020,59.0,PM2.5,245,3.0,0.0,17.0,25.0,44.0,59.0
09/03/2020,72.0,PM2.5,246,5.0,0.0,18.0,26.0,55.0,72.0
09/04/2020,67.0,PM2.5,247,6.0,0.0,20.0,29.0,50.0,67.0
09/05/2020,37.0,O3,248,5.0,0.0,19.0,37.0,14.0,31.0
09/06/2020,38.0,O3,249,6.0,0.0,15.0,38.0,14.0,33.0
09/07/2020,40.0,O3,250,9.0,0.0,21.0,40.0,15.0,38.0
09/08/2020,40.0,PM2.5,251,7.0,0.0,15.0,39.0,17.0,40.0
09/09/2020,24.0,O3,252,3.0,0.0,13.0,24.0,12.0,13.0
09/10/2020,25.0,PM2.5,253,3.0,0.0,13.0,24.0,11.0,25.0
09/11/2020,30.0,O3,254,5.0,0.0,12.0,30.0,12.0,24.0
09/12/2020,17.0,O3,255,3.0,0.0,6.0,17.0,11.0,17.0
09/13/2020,27.0,PM2.5,256,2.0,0.0,5.0,21.0,12.0,27.0
09/14/2020,30.0,PM2.5,257,3.0,0.0,13.0,22.0,15.0,30.0
09/15/2020,24.0,O3,258,3.0,0.0,7.0,24.0,14.0,24.0
09/16/2020,30.0,PM2.5,259,2.0,0.0,7.0,24.0,14.0,30.0
09/17/2020,19.0,O3,260,3.0,0.0,8.0,19.0,10.0,11.0
09/18/2020,23.0,O3,261,3.0,0.0,8.0,23.0,19.0,23.0
09/19/2020,57.0,PM2.5,262,3.0,0.0,14.0,25.0,23.0,57.0
09/20/2020,31.0,O3,263,2.0,0.0,8.0,31.0,9.0,18.0
09/21/2020,34.0,O3,264,2.0,0.0,15.0,34.0,11.0,20.0
09/22/2020,35.0,O3,265,3.0,0.0,11.0,35.0,13.0,28.0
09/23/2020,42.0,O3,266,7.0,1.0,23.0,42.0,19.0,40.0
09/24/2020,37.0,PM2.5,267,6.0,0.0,10.0,17.0,16.0,37.0
09/25/2020,28.0,PM2.5,268,5.0,0.0,8.0,17.0,18.0,28.0
09/26/2020,35.0,PM2.5,269,5.0,0.0,9.0,27.0,18.0,35.0
09/27/2020,34.0,PM2.5,270,7.0,0.0,5.0,21.0,19.0,34.0
09/28/2020,43.0,PM2.5,271,2.0,0.0,10.0,29.0,20.0,43.0
09/29/2020,28.0,PM2.5,272,3.0,0.0,10.0,18.0,14.0,28.0
09/30/2020,30.0,O3,273,5.0,0.0,17.0,30.0,17.0,20.0
10/01/2020,38.0,O3,274,8.0,0.0,15.0,38.0,20.0,34.0
10/02/2020,31.0,O3,275,3.0,0.0,15.0,31.0,15.0,23.0
10/03/2020,34.0,O3,276,6.0,0.0,17.0,34.0,13.0,25.0
10/04/2020,48.0,PM2.5,277,9.0,0.0,19.0,32.0,17.0,48.0
10/05/2020,55.0,PM2.5,278,11.0,0.0,13.0,38.0,20.0,55.0
10/06/2020,39.0,O3,279,8.0,0.0,9.0,39.0,18.0,38.0
10/07/2020,54.0,PM2.5,280,8.0,0.0,25.0,34.0,20.0,54.0
10/08/2020,62.0,PM2.5,281,8.0,0.0,29.0,42.0,27.0,62.0
10/09/2020,57.0,PM2.5,282,10.0,0.0,11.0,14.0,28.0,57.0
10/10/2020,41.0,PM2.5,283,3.0,0.0,4.0,13.0,18.0,41.0
10/11/2020,29.0,PM2.5,284,2.0,0.0,6.0,13.0,19.0,29.0
10/12/2020,23.0,PM10,285,5.0,0.0,6.0,16.0,23.0,18.0
10/13/2020,44.0,PM2.5,286,7.0,0.0,13.0,32.0,31.0,44.0
10/14/2020,40.0,PM2.5,287,5.0,0.0,13.0,35.0,19.0,40.0
10/15/2020,53.0,PM2.5,288,6.0,0.0,18.0,28.0,22.0,53.0
10/16/2020,44.0,PM2.5,289,7.0,0.0,9.0,31.0,17.0,44.0
10/17/2020,31.0,O3,290,2.0,0.0,11.0,31.0,10.0,21.0
10/18/2020,33.0,PM2.5,291,3.0,0.0,8.0,31.0,14.0,33.0
10/19/2020,43.0,PM2.5,292,6.0,0.0,14.0,35.0,17.0,43.0
10/20/2020,49.0,PM2.5,293,8.0,0.0,9.0,35.0,19.0,49.0
10/21/2020,31.0,PM2.5,294,5.0,0.0,10.0,25.0,17.0,31.0
10/22/2020,32.0,PM2.5,295,5.0,0.0,8.0,27.0,16.0,32.0
10/23/2020,27.0,O3,296,3.0,0.0,8.0,27.0,13.0,27.0
10/24/2020,23.0,PM2.5,297,9.0,0.0,7.0,22.0,15.0,23.0
10/25/2020,42.0,PM2.5,298,6.0,0.0,8.0,19.0,27.0,42.0
10/26/2020,39.0,PM2.5,299,6.0,0.0,4.0,6.0,21.0,39.0
10/27/2020,31.0,PM2.5,300,5.0,0.0,8.0,11.0,19.0,31.0
10/28/2020,38.0,PM2.5,301,5.0,0.0,3.0,13.0,19.0,38.0
10/29/2020,24.0,PM2.5,302,2.0,0.0,6.0,23.0,13.0,24.0
10/30/2020,23.0,O3,303,3.0,0.0,6.0,23.0,9.0,20.0
10/31/2020,27.0,O3,304,3.0,0.0,,27.0,,
11/01/2020,32.0,PM2.5,305,2.0,0.0,,31.0,12.0,32.0
11/02/2020,26.0,O3,306,3.0,0.0,20.0,26.0,11.0,14.0
11/03/2020,33.0,PM2.5,307,6.0,0.0,24.0,27.0,15.0,33.0
11/04/2020,57.0,PM2.5,308,10.0,0.0,25.0,38.0,22.0,57.0
11/05/2020,47.0,PM2.5,309,9.0,0.0,25.0,35.0,19.0,47.0
11/06/2020,41.0,PM2.5,310,8.0,0.0,24.0,35.0,16.0,41.0
11/07/2020,33.0,PM2.5,311,5.0,0.0,8.0,19.0,12.0,33.0
11/08/2020,22.0,O3,312,2.0,0.0,4.0,22.0,11.0,22.0
11/09/2020,24.0,O3,313,2.0,0.0,4.0,24.0,11.0,21.0
11/10/2020,28.0,PM2.5,314,2.0,0.0,4.0,18.0,12.0,28.0
11/11/2020,17.0,PM10,315,3.0,0.0,9.0,10.0,17.0,17.0
11/12/2020,35.0,PM2.5,316,3.0,0.0,11.0,15.0,16.0,35.0
11/13/2020,40.0,PM2.5,317,6.0,0.0,25.0,30.0,17.0,40.0
11/14/2020,43.0,PM2.5,318,7.0,0.0,14.0,36.0,20.0,43.0
11/15/2020,51.0,PM2.5,319,6.0,0.0,17.0,26.0,19.0,51.0
11/16/2020,28.0,O3,320,5.0,0.0,25.0,28.0,9.0,18.0
11/17/2020,28.0,O3,321,7.0,0.0,19.0,28.0,11.0,18.0
11/18/2020,24.0,NO2,322,7.0,0.0,24.0,22.0,10.0,23.0
11/19/2020,48.0,PM2.5,323,10.0,0.0,21.0,31.0,16.0,48.0
11/20/2020,40.0,PM2.5,324,8.0,0.0,22.0,31.0,19.0,40.0
11/21/2020,66.0,PM2.5,325,15.0,0.0,26.0,30.0,25.0,66.0
11/22/2020,68.0,PM2.5,326,17.0,0.0,22.0,27.0,25.0,68.0
11/23/2020,23.0,O3,327,7.0,0.0,22.0,23.0,10.0,17.0
11/24/2020,39.0,PM2.5,328,7.0,0.0,16.0,31.0,14.0,39.0
11/25/2020,35.0,PM2.5,329,2.0,0.0,6.0,28.0,15.0,35.0
11/26/2020,25.0,O3,330,6.0,0.0,16.0,25.0,17.0,23.0
11/27/2020,55.0,PM2.5,331,10.0,0.0,25.0,26.0,21.0,55.0
11/28/2020,53.0,PM2.5,332,9.0,0.0,18.0,29.0,19.0,53.0
11/29/2020,35.0,PM2.5,333,10.0,0.0,8.0,18.0,15.0,35.0
11/30/2020,24.0,O3,334,2.0,0.0,7.0,24.0,6.0,15.0
12/01/2020,26.0,PM2.5,335,2.0,0.0,23.0,23.0,8.0,26.0
12/02/2020,25.0,NO2,336,7.0,0.0,25.0,20.0,13.0,23.0
12/03/2020,54.0,PM2.5,337,13.0,0.0,21.0,29.0,18.0,54.0
12/04/2020,38.0,PM2.5,338,3.0,0.0,11.0,20.0,12.0,38.0
12/05/2020,24.0,PM2.5,339,5.0,1.0,18.0,23.0,13.0,24.0
12/06/2020,53.0,PM2.5,340,8.0,1.0,17.0,15.0,17.0,53.0
12/07/2020,54.0,PM2.5,341,5.0,0.0,15.0,18.0,17.0,54.0
12/08/2020,24.0,NO2,342,3.0,0.0,24.0,21.0,13.0,22.0
12/09/2020,52.0,PM2.5,343,7.0,0.0,31.0,25.0,17.0,52.0
12/10/2020,65.0,PM2.5,344,11.0,1.0,38.0,21.0,29.0,65.0
12/11/2020,65.0,PM2.5,345,16.0,1.0,35.0,36.0,33.0,65.0
12/12/2020,62.0,PM2.5,346,8.0,0.0,21.0,34.0,22.0,62.0
12/13/2020,55.0,PM2.5,347,3.0,0.0,14.0,28.0,18.0,55.0
12/14/2020,25.0,O3,348,3.0,0.0,8.0,25.0,6.0,10.0
12/15/2020,28.0,PM2.5,349,3.0,0.0,13.0,22.0,9.0,28.0
12/16/2020,33.0,PM2.5,350,3.0,0.0,14.0,15.0,10.0,33.0
12/17/2020,26.0,PM2.5,351,3.0,1.0,14.0,15.0,12.0,26.0
12/18/2020,46.0,PM2.5,352,8.0,0.0,26.0,23.0,14.0,46.0
12/19/2020,57.0,PM2.5,353,15.0,0.0,17.0,28.0,19.0,57.0
12/20/2020,35.0,PM2.5,354,5.0,0.0,21.0,21.0,15.0,35.0
12/21/2020,40.0,PM2.5,355,6.0,0.0,13.0,27.0,14.0,40.0
12/22/2020,29.0,NO2,356,6.0,0.0,29.0,28.0,11.0,25.0
12/23/2020,36.0,PM2.5,357,11.0,0.0,22.0,31.0,15.0,36.0
12/24/2020,27.0,O3,358,2.0,0.0,8.0,27.0,10.0,24.0
12/25/2020,32.0,O3,359,2.0,0.0,5.0,32.0,6.0,12.0
12/26/2020,31.0,O3,360,7.0,1.0,29.0,31.0,8.0,16.0
12/27/2020,58.0,PM2.5,361,14.0,1.0,29.0,30.0,19.0,58.0
12/28/2020,51.0,PM2.5,362,11.0,0.0,28.0,21.0,17.0,51.0
12/29/2020,54.0,PM2.5,363,8.0,0.0,25.0,28.0,19.0,54.0
12/30/2020,59.0,PM2.5,364,6.0,0.0,13.0,24.0,22.0,59.0
12/31/2020,64.0,PM2.5,365,5.0,0.0,12.0,9.0,25.0,64.0
01/01/2021,20.0,O3,0,2.0,0.0,4.0,20.0,14.0,16.0
01/02/2021,38.0,PM2.5,1,3.0,0.0,10.0,20.0,17.0,38.0
01/03/2021,22.0,O3,2,3.0,0.0,17.0,22.0,7.0,22.0
01/04/2021,32.0,NO2,3,5.0,0.0,32.0,30.0,13.0,26.0
01/05/2021,30.0,PM2.5,4,6.0,0.0,26.0,28.0,11.0,30.0
01/06/2021,38.0,PM2.5,5,6.0,0.0,25.0,24.0,13.0,38.0
01/07/2021,33.0,PM2.5,6,9.0,0.0,20.0,19.0,14.0,33.0
01/08/2021,31.0,PM2.5,7,2.0,0.0,10.0,16.0,9.0,31.0
01/09/2021,52.0,PM2.5,8,2.0,0.0,6.0,19.0,13.0,52.0
01/10/2021,35.0,PM2.5,9,5.0,0.0,18.0,25.0,14.0,35.0
01/11/2021,60.0,PM2.5,10,8.0,0.0,17.0,14.0,19.0,60.0
01/12/2021,48.0,PM2.5,11,3.0,1.0,11.0,17.0,14.0,48.0
01/13/2021,42.0,PM2.5,12,3.0,3.0,28.0,19.0,17.0,42.0
01/14/2021,45.0,PM2.5,13,5.0,0.0,28.0,35.0,15.0,45.0
01/15/2021,32.0,NO2,14,7.0,0.0,32.0,31.0,15.0,29.0
01/16/2021,27.0,NO2,15,3.0,0.0,27.0,21.0,12.0,17.0
01/17/2021,37.0,PM2.5,16,7.0,0.0,30.0,29.0,13.0,37.0
01/18/2021,31.0,O3,17,6.0,0.0,30.0,31.0,10.0,24.0
01/19/2021,35.0,PM2.5,18,10.0,1.0,32.0,31.0,19.0,35.0
01/20/2021,32.0,PM2.5,19,2.0,3.0,12.0,29.0,14.0,32.0
01/21/2021,34.0,PM2.5,20,3.0,0.0,24.0,11.0,11.0,34.0
01/22/2021,29.0,NO2,21,5.0,0.0,29.0,14.0,13.0,17.0
01/23/2021,36.0,PM2.5,22,6.0,0.0,30.0,31.0,13.0,36.0
01/24/2021,32.0,O3,23,6.0,0.0,15.0,32.0,11.0,32.0
01/25/2021,33.0,PM2.5,24,3.0,0.0,14.0,19.0,17.0,33.0
01/26/2021,25.0,NO2,25,6.0,0.0,25.0,22.0,,
01/27/2021,29.0,O3,26,7.0,0.0,16.0,29.0,,
01/28/2021,28.0,O3,27,2.0,0.0,7.0,28.0,8.0,12.0
01/29/2021,33.0,PM2.5,28,5.0,0.0,29.0,23.0,11.0,33.0
01/30/2021,58.0,PM2.5,29,11.0,0.0,24.0,31.0,19.0,58.0
01/31/2021,32.0,PM2.5,30,3.0,0.0,10.0,23.0,13.0,32.0
02/01/2021,31.0,O3,31,3.0,0.0,6.0,31.0,8.0,26.0
02/02/2021,33.0,O3,32,2.0,0.0,8.0,33.0,7.0,21.0
02/03/2021,31.0,NO2,33,2.0,1.0,31.0,29.0,9.0,18.0
02/04/2021,47.0,PM2.5,34,7.0,1.0,29.0,31.0,16.0,47.0
02/05/2021,30.0,PM2.5,35,2.0,0.0,26.0,28.0,10.0,30.0
02/06/2021,28.0,O3,36,9.0,0.0,24.0,28.0,10.0,28.0
02/07/2021,30.0,O3,37,3.0,0.0,17.0,30.0,6.0,19.0
02/08/2021,36.0,PM2.5,38,8.0,0.0,19.0,34.0,11.0,36.0
02/09/2021,32.0,PM2.5,39,6.0,0.0,30.0,19.0,23.0,32.0
02/10/2021,58.0,PM2.5,40,13.0,0.0,24.0,37.0,20.0,58.0
02/11/2021,52.0,PM2.5,41,9.0,0.0,12.0,2.0,18.0,52.0
02/12/2021,25.0,PM2.5,42,5.0,0.0,15.0,10.0,11.0,25.0
02/13/2021,21.0,PM2.5,43,3.0,0.0,8.0,19.0,6.0,21.0
02/14/2021,26.0,PM2.5,44,3.0,0.0,5.0,19.0,8.0,26.0
02/15/2021,16.0,O3,45,3.0,0.0,12.0,16.0,5.0,4.0
02/16/2021,40.0,PM2.5,46,3.0,1.0,11.0,19.0,9.0,40.0
02/17/2021,48.0,PM2.5,47,3.0,0.0,8.0,29.0,,48.0
02/18/2021,18.0,O3,48,3.0,0.0,16.0,18.0,9.0,16.0
02/19/2021,44.0,PM2.5,49,3.0,0.0,9.0,28.0,13.0,44.0
02/20/2021,37.0,PM2.5,50,5.0,0.0,27.0,36.0,11.0,37.0
02/21/2021,40.0,O3,51,14.0,0.0,25.0,40.0,13.0,31.0
02/22/2021,31.0,O3,52,2.0,0.0,11.0,31.0,9.0,22.0
02/23/2021,39.0,O3,53,5.0,0.0,38.0,39.0,9.0,20.0
02/24/2021,54.0,PM2.5,54,13.0,1.0,48.0,46.0,23.0,54.0
02/25/2021,62.0,PM2.5,55,10.0,1.0,42.0,45.0,26.0,62.0
02/26/2021,58.0,PM2.5,56,9.0,0.0,30.0,23.0,19.0,58.0
02/27/2021,53.0,PM2.5,57,6.0,0.0,20.0,20.0,25.0,53.0
02/28/2021,51.0,PM2.5,58,6.0,0.0,7.0,20.0,17.0,51.0
03/01/2021,25.0,PM2.5,59,2.0,0.0,17.0,22.0,11.0,25.0
03/02/2021,24.0,O3,60,2.0,0.0,17.0,24.0,8.0,12.0
03/03/2021,38.0,NO2,61,5.0,0.0,38.0,34.0,9.0,25.0
03/04/2021,43.0,O3,62,6.0,0.0,38.0,43.0,12.0,27.0
03/05/2021,41.0,O3,63,6.0,0.0,27.0,41.0,18.0,32.0
03/06/2021,45.0,PM2.5,64,6.0,0.0,32.0,36.0,16.0,45.0
03/07/2021,42.0,O3,65,8.0,0.0,24.0,42.0,13.0,39.0
03/08/2021,44.0,O3,66,7.0,0.0,43.0,44.0,19.0,37.0
03/09/2021,81.0,PM2.5,67,10.0,0.0,41.0,61.0,33.0,81.0
03/10/2021,80.0,PM2.5,68,10.0,0.0,40.0,50.0,32.0,80.0
03/11/2021,66.0,PM2.5,69,7.0,0.0,37.0,49.0,36.0,66.0
03/12/2021,95.0,PM2.5,70,11.0,0.0,36.0,44.0,41.0,95.0
03/13/2021,67.0,PM2.5,71,10.0,0.0,24.0,39.0,28.0,67.0
03/14/2021,54.0,PM2.5,72,6.0,0.0,33.0,50.0,27.0,54.0
03/15/2021,65.0,PM2.5,73,6.0,0.0,8.0,40.0,28.0,65.0
03/16/2021,42.0,PM2.5,74,2.0,0.0,8.0,26.0,15.0,42.0
03/17/2021,15.0,O3,75,3.0,0.0,11.0,15.0,14.0,13.0
03/18/2021,36.0,PM2.5,76,2.0,0.0,5.0,34.0,20.0,36.0
03/19/2021,35.0,O3,77,3.0,0.0,8.0,35.0,5.0,11.0
03/20/2021,44.0,O3,78,2.0,0.0,13.0,44.0,10.0,13.0
03/21/2021,38.0,O3,79,3.0,0.0,23.0,38.0,12.0,26.0
03/22/2021,43.0,O3,80,3.0,0.0,14.0,43.0,16.0,33.0
03/23/2021,51.0,PM2.5,81,3.0,0.0,10.0,37.0,24.0,51.0
03/24/2021,47.0,PM2.5,82,3.0,0.0,14.0,35.0,17.0,47.0
03/25/2021,53.0,PM2.5,83,3.0,0.0,8.0,22.0,20.0,53.0
03/26/2021,32.0,O3,84,3.0,0.0,13.0,32.0,21.0,23.0
03/27/2021,46.0,PM2.5,85,3.0,0.0,9.0,21.0,19.0,46.0
03/28/2021,31.0,O3,86,2.0,0.0,7.0,31.0,16.0,28.0
03/29/2021,44.0,O3,87,3.0,0.0,28.0,44.0,9.0,20.0
03/30/2021,38.0,PM2.5,88,6.0,0.0,23.0,37.0,16.0,38.0
03/31/2021,31.0,PM2.5,89,2.0,0.0,15.0,29.0,14.0,31.0
04/01/2021,38.0,O3,90,2.0,0.0,6.0,38.0,12.0,11.0
04/02/2021,40.0,O3,91,2.0,0.0,10.0,40.0,8.0,21.0
04/03/2021,46.0,O3,92,7.0,0.0,31.0,46.0,13.0,36.0
04/04/2021,51.0,O3,93,13.0,0.0,31.0,51.0,21.0,46.0
04/05/2021,67.0,O3,94,9.0,0.0,42.0,67.0,23.0,54.0
04/06/2021,74.0,O3,95,9.0,1.0,39.0,74.0,31.0,69.0
04/07/2021,68.0,PM2.5,96,8.0,0.0,27.0,48.0,36.0,68.0
04/08/2021,67.0,PM2.5,97,6.0,0.0,29.0,34.0,28.0,67.0
04/09/2021,38.0,PM2.5,98,3.0,0.0,6.0,33.0,,38.0
04/10/2021,26.0,O3,99,3.0,0.0,15.0,26.0,,23.0
04/11/2021,43.0,O3,100,3.0,0.0,27.0,43.0,,30.0
04/12/2021,51.0,O3,101,5.0,0.0,41.0,51.0,,44.0
04/13/2021,87.0,O3,102,7.0,0.0,42.0,87.0,,51.0
04/14/2021,57.0,PM2.5,103,9.0,0.0,27.0,42.0,,57.0
04/15/2021,42.0,O3,104,2.0,0.0,8.0,42.0,,31.0
04/16/2021,40.0,O3,105,3.0,0.0,26.0,40.0,,23.0
04/17/2021,44.0,O3,106,3.0,0.0,22.0,44.0,,39.0
04/18/2021,44.0,O3,107,2.0,0.0,8.0,44.0,,33.0
04/19/2021,44.0,O3,108,3.0,0.0,28.0,44.0,,28.0
04/20/2021,60.0,PM2.5,109,7.0,0.0,30.0,50.0,,60.0
04/21/2021,45.0,PM2.5,110,7.0,0.0,26.0,35.0,,45.0
04/22/2021,44.0,O3,111,3.0,0.0,30.0,44.0,,21.0
04/23/2021,54.0,O3,112,8.0,0.0,22.0,54.0,19.0,50.0
04/24/2021,36.0,PM2.5,113,3.0,0.0,8.0,29.0,19.0,36.0
04/25/2021,40.0,O3,114,3.0,0.0,22.0,40.0,11.0,23.0
04/26/2021,45.0,O3,115,6.0,0.0,21.0,45.0,17.0,42.0
04/27/2021,48.0,PM2.5,116,6.0,0.0,15.0,43.0,18.0,48.0
04/28/2021,48.0,PM2.5,117,6.0,0.0,20.0,41.0,20.0,48.0
04/29/2021,53.0,PM2.5,118,5.0,0.0,17.0,32.0,20.0,53.0
04/30/2021,40.0,O3,119,3.0,0.0,14.0,40.0,17.0,33.0
05/01/2021,51.0,O3,120,5.0,0.0,24.0,51.0,15.0,23.0
05/02/2021,47.0,PM2.5,121,9.0,0.0,20.0,44.0,19.0,47.0
05/03/2021,38.0,PM2.5,122,3.0,0.0,9.0,22.0,18.0,38.0
05/04/2021,25.0,O3,123,3.0,0.0,13.0,25.0,19.0,16.0
05/05/2021,33.0,O3,124,2.0,0.0,10.0,33.0,14.0,29.0
05/06/2021,43.0,O3,125,2.0,0.0,20.0,43.0,14.0,25.0
05/07/2021,43.0,O3,126,3.0,0.0,32.0,43.0,14.0,20.0
05/08/2021,44.0,O3,127,6.0,0.0,22.0,44.0,17.0,36.0
05/09/2021,49.0,O3,128,10.0,0.0,14.0,49.0,17.0,41.0
05/10/2021,37.0,O3,129,2.0,0.0,11.0,37.0,13.0,15.0
05/11/2021,34.0,O3,130,3.0,0.0,10.0,34.0,16.0,31.0
05/12/2021,25.0,O3,131,3.0,0.0,14.0,25.0,11.0,22.0
05/13/2021,34.0,O3,132,3.0,0.0,18.0,34.0,8.0,11.0
05/14/2021,45.0,O3,133,8.0,0.0,18.0,45.0,15.0,41.0
05/15/2021,49.0,O3,134,10.0,0.0,23.0,49.0,15.0,38.0
05/16/2021,49.0,O3,135,9.0,0.0,23.0,49.0,16.0,41.0
05/17/2021,51.0,PM2.5,136,9.0,0.0,20.0,49.0,19.0,51.0
05/18/2021,41.0,PM2.5,137,2.0,0.0,9.0,34.0,15.0,41.0
05/19/2021,40.0,O3,138,2.0,0.0,6.0,40.0,13.0,20.0
05/20/2021,41.0,O3,139,2.0,0.0,11.0,41.0,12.0,25.0
05/21/2021,48.0,O3,140,3.0,0.0,26.0,48.0,17.0,42.0
05/22/2021,49.0,O3,141,6.0,0.0,24.0,49.0,18.0,33.0
05/23/2021,61.0,O3,142,8.0,0.0,28.0,61.0,23.0,59.0
05/24/2021,119.0,O3,143,8.0,0.0,47.0,119.0,35.0,71.0
05/25/2021,64.0,O3,144,8.0,0.0,35.0,64.0,30.0,56.0
05/26/2021,60.0,PM2.5,145,8.0,0.0,29.0,48.0,28.0,60.0
05/27/2021,45.0,PM2.5,146,6.0,0.0,24.0,43.0,18.0,45.0
05/28/2021,35.0,O3,147,2.0,0.0,,35.0,13.0,33.0
05/29/2021,31.0,O3,148,2.0,0.0,,31.0,10.0,20.0
05/30/2021,37.0,O3,149,3.0,0.0,,37.0,6.0,15.0
05/31/2021,36.0,PM2.5,150,5.0,0.0,,31.0,11.0,36.0
06/01/2021,42.0,O3,151,2.0,0.0,,42.0,10.0,30.0
06/02/2021,39.0,O3,152,5.0,0.0,3.0,39.0,12.0,33.0
06/03/2021,41.0,O3,153,2.0,0.0,17.0,41.0,12.0,23.0
06/04/2021,61.0,O3,154,3.0,0.0,25.0,61.0,12.0,32.0
06/05/2021,40.0,O3,155,6.0,0.0,20.0,40.0,13.0,38.0
06/06/2021,27.0,O3,156,2.0,0.0,3.0,27.0,9.0,26.0
06/07/2021,18.0,O3,157,1.0,0.0,5.0,18.0,9.0,17.0
06/08/2021,19.0,O3,158,2.0,0.0,13.0,19.0,11.0,18.0
06/09/2021,21.0,O3,159,2.0,0.0,14.0,21.0,10.0,16.0
06/10/2021,25.0,O3,160,3.0,0.0,16.0,25.0,15.0,22.0
06/11/2021,26.0,PM2.5,161,2.0,0.0,14.0,22.0,16.0,26.0
06/12/2021,37.0,O3,162,2.0,0.0,10.0,37.0,16.0,30.0
06/13/2021,34.0,O3,163,3.0,0.0,8.0,34.0,14.0,23.0
06/14/2021,40.0,O3,164,5.0,0.0,15.0,40.0,18.0,33.0
06/15/2021,77.0,O3,165,5.0,0.0,16.0,77.0,17.0,31.0
06/16/2021,50.0,O3,166,3.0,0.0,31.0,50.0,12.0,31.0
06/17/2021,97.0,O3,167,6.0,0.0,36.0,97.0,14.0,37.0
06/18/2021,55.0,PM2.5,168,9.0,0.0,32.0,49.0,17.0,55.0
06/19/2021,38.0,PM2.5,169,5.0,0.0,9.0,12.0,19.0,38.0
06/20/2021,18.0,O3,170,2.0,0.0,14.0,18.0,10.0,13.0
06/21/2021,21.0,PM2.5,171,5.0,0.0,15.0,20.0,15.0,21.0
06/22/2021,31.0,O3,172,3.0,0.0,27.0,31.0,12.0,19.0
06/23/2021,42.0,O3,173,6.0,0.0,11.0,42.0,16.0,31.0
06/24/2021,33.0,PM2.5,174,2.0,0.0,3.0,32.0,11.0,33.0
06/25/2021,44.0,O3,175,2.0,0.0,9.0,44.0,14.0,39.0
06/26/2021,28.0,PM2.5,176,5.0,0.0,13.0,25.0,12.0,28.0
06/27/2021,15.0,PM2.5,177,2.0,0.0,4.0,14.0,9.0,15.0
06/28/2021,26.0,O3,178,2.0,0.0,18.0,26.0,,
06/29/2021,25.0,O3,179,3.0,0.0,14.0,25.0,,
06/30/2021,22.0,PM2.5,180,5.0,0.0,8.0,19.0,13.0,22.0
07/01/2021,27.0,O3,181,2.0,0.0,11.0,27.0,7.0,13.0
07/02/2021,24.0,O3,182,2.0,0.0,8.0,24.0,9.0,17.0
07/03/2021,46.0,O3,183,3.0,0.0,21.0,46.0,15.0,33.0
07/04/2021,74.0,PM2.5,184,8.0,0.0,21.0,44.0,30.0,74.0
07/05/2021,97.0,PM2.5,185,11.0,0.0,13.0,34.0,41.0,97.0
07/06/2021,35.0,O3,186,3.0,0.0,10.0,35.0,12.0,35.0
07/07/2021,22.0,PM2.5,187,2.0,0.0,15.0,19.0,14.0,22.0
07/08/2021,25.0,O3,188,2.0,0.0,9.0,25.0,13.0,21.0
07/09/2021,29.0,PM2.5,189,3.0,0.0,11.0,26.0,18.0,29.0
07/10/2021,22.0,PM2.5,190,5.0,0.0,11.0,20.0,18.0,22.0
07/11/2021,25.0,PM2.5,191,2.0,0.0,8.0,17.0,17.0,25.0
07/12/2021,19.0,PM2.5,192,2.0,0.0,10.0,15.0,16.0,19.0
07/13/2021,25.0,O3,193,2.0,0.0,8.0,25.0,16.0,23.0
07/14/2021,30.0,PM2.5,194,3.0,0.0,20.0,28.0,21.0,30.0
07/15/2021,42.0,PM2.5,195,6.0,0.0,14.0,40.0,19.0,42.0
07/16/2021,37.0,O3,196,3.0,0.0,14.0,37.0,18.0,31.0
07/17/2021,30.0,O3,197,5.0,0.0,15.0,30.0,14.0,20.0
07/18/2021,26.0,O3,198,3.0,0.0,8.0,26.0,13.0,21.0
07/19/2021,24.0,PM2.5,199,2.0,0.0,11.0,17.0,15.0,24.0
07/20/2021,22.0,O3,200,2.0,0.0,9.0,22.0,11.0,17.0
07/21/2021,35.0,O3,201,3.0,0.0,14.0,35.0,14.0,19.0
07/22/2021,50.0,PM2.5,202,6.0,0.0,19.0,45.0,21.0,50.0
07/23/2021,61.0,PM2.5,203,9.0,0.0,14.0,46.0,27.0,61.0
07/24/2021,51.0,PM2.5,204,9.0,0.0,7.0,43.0,23.0,51.0
07/25/2021,58.0,PM2.5,205,6.0,0.0,18.0,40.0,22.0,58.0
07/26/2021,51.0,O3,206,6.0,0.0,13.0,51.0,18.0,46.0
07/27/2021,67.0,O3,207,5.0,0.0,21.0,67.0,17.0,37.0
07/28/2021,49.0,O3,208,6.0,0.0,25.0,49.0,19.0,42.0
07/29/2021,80.0,O3,209,8.0,0.0,26.0,80.0,28.0,59.0
07/30/2021,63.0,PM2.5,210,7.0,0.0,20.0,44.0,30.0,63.0
07/31/2021,55.0,PM2.5,211,5.0,1.0,12.0,49.0,22.0,55.0
08/01/2021,48.0,PM2.5,212,3.0,0.0,18.0,42.0,19.0,48.0
08/02/2021,60.0,PM2.5,213,5.0,0.0,19.0,51.0,31.0,60.0
08/03/2021,58.0,PM2.5,214,6.0,0.0,15.0,38.0,24.0,58.0
08/04/2021,58.0,PM2.5,215,3.0,0.0,11.0,44.0,26.0,58.0
08/05/2021,43.0,O3,216,5.0,0.0,25.0,43.0,19.0,37.0
08/06/2021,40.0,O3,217,7.0,0.0,11.0,40.0,16.0,38.0
08/07/2021,46.0,O3,218,3.0,0.0,13.0,46.0,15.0,36.0
08/08/2021,61.0,O3,219,8.0,0.0,10.0,61.0,17.0,35.0
08/09/2021,59.0,PM2.5,220,5.0,0.0,19.0,46.0,29.0,59.0
08/10/2021,56.0,PM2.5,221,6.0,0.0,8.0,44.0,27.0,56.0
08/11/2021,30.0,PM2.5,222,5.0,0.0,19.0,28.0,22.0,30.0
08/12/2021,90.0,O3,223,6.0,0.0,15.0,90.0,24.0,52.0
08/13/2021,112.0,O3,224,5.0,0.0,18.0,112.0,19.0,38.0
08/14/2021,46.0,O3,225,8.0,0.0,12.0,46.0,20.0,34.0
08/15/2021,28.0,PM2.5,226,2.0,0.0,4.0,19.0,15.0,28.0
08/16/2021,26.0,PM2.5,227,2.0,0.0,6.0,13.0,16.0,26.0
08/17/2021,15.0,O3,228,2.0,0.0,13.0,15.0,11.0,8.0
08/18/2021,47.0,O3,229,6.0,0.0,12.0,47.0,19.0,24.0
08/19/2021,32.0,O3,230,6.0,0.0,12.0,32.0,17.0,26.0
08/20/2021,35.0,O3,231,3.0,0.0,9.0,35.0,14.0,22.0
08/21/2021,33.0,PM2.5,232,3.0,0.0,11.0,21.0,16.0,33.0
08/22/2021,32.0,PM2.5,233,3.0,0.0,10.0,27.0,16.0,32.0
08/23/2021,49.0,O3,234,6.0,0.0,33.0,49.0,17.0,37.0
08/24/2021,50.0,PM2.5,235,9.0,0.0,20.0,44.0,19.0,50.0
08/25/2021,53.0,PM2.5,236,9.0,0.0,11.0,38.0,21.0,53.0
08/26/2021,42.0,PM2.5,237,5.0,0.0,8.0,31.0,28.0,42.0
08/27/2021,49.0,PM2.5,238,8.0,0.0,7.0,23.0,31.0,49.0
08/28/2021,36.0,PM2.5,239,2.0,0.0,5.0,20.0,19.0,36.0
08/29/2021,37.0,PM2.5,240,2.0,0.0,3.0,16.0,23.0,37.0
08/30/2021,42.0,PM2.5,241,3.0,0.0,5.0,19.0,25.0,42.0
08/31/2021,29.0,PM2.5,242,2.0,0.0,5.0,16.0,19.0,29.0
09/01/2021,27.0,O3,243,3.0,1.0,18.0,27.0,14.0,18.0
09/02/2021,37.0,O3,244,5.0,0.0,18.0,37.0,16.0,31.0
09/03/2021,39.0,O3,245,6.0,0.0,14.0,39.0,16.0,35.0
09/04/2021,47.0,O3,246,10.0,0.0,10.0,47.0,16.0,32.0
09/05/2021,45.0,PM2.5,247,9.0,0.0,16.0,41.0,17.0,45.0
09/06/2021,52.0,PM2.5,248,5.0,0.0,18.0,26.0,18.0,52.0
09/07/2021,38.0,PM2.5,249,6.0,0.0,9.0,27.0,19.0,38.0
09/08/2021,35.0,PM2.5,250,3.0,0.0,11.0,25.0,18.0,35.0
09/09/2021,38.0,O3,251,3.0,0.0,21.0,38.0,16.0,29.0
09/10/2021,42.0,O3,252,5.0,0.0,26.0,42.0,14.0,27.0
09/11/2021,42.0,O3,253,9.0,0.0,11.0,42.0,16.0,40.0
09/12/2021,45.0,PM2.5,254,10.0,0.0,14.0,39.0,17.0,45.0
09/13/2021,44.0,O3,255,,0.0,38.0,44.0,19.0,36.0
09/14/2021,61.0,O3,256,,0.0,24.0,61.0,22.0,57.0
09/15/2021,57.0,PM2.5,257,,0.0,14.0,18.0,22.0,57.0
09/16/2021,14.0,O3,258,,0.0,7.0,14.0,14.0,14.0
09/17/2021,30.0,PM2.5,259,,0.0,7.0,15.0,19.0,30.0
09/18/2021,42.0,PM2.5,260,,0.0,9.0,20.0,27.0,42.0
09/19/2021,32.0,PM2.5,261,,0.0,5.0,11.0,20.0,32.0
09/20/2021,28.0,PM2.5,262,,0.0,5.0,18.0,17.0,28.0
09/21/2021,21.0,PM2.5,263,,0.0,10.0,20.0,15.0,21.0
09/22/2021,29.0,O3,264,,0.0,8.0,29.0,14.0,13.0
09/23/2021,32.0,O3,265,,0.0,23.0,32.0,7.0,14.0
09/24/2021,41.0,O3,266,,0.0,22.0,41.0,10.0,22.0
09/25/2021,44.0,O3,267,,0.0,24.0,44.0,15.0,33.0
09/26/2021,53.0,PM2.5,268,,0.0,25.0,44.0,20.0,53.0
09/27/2021,64.0,O3,269,,0.0,22.0,64.0,23.0,56.0
09/28/2021,43.0,O3,270,,0.0,26.0,43.0,26.0,42.0
09/29/2021,60.0,PM2.5,271,,0.0,29.0,44.0,24.0,60.0
09/30/2021,62.0,PM2.5,272,,0.0,21.0,35.0,25.0,62.0
10/01/2021,48.0,PM2.5,273,,0.0,12.0,40.0,26.0,48.0
10/02/2021,59.0,PM2.5,274,,0.0,8.0,38.0,21.0,59.0
10/03/2021,49.0,PM2.5,275,,0.0,6.0,20.0,19.0,49.0
10/04/2021,19.0,O3,276,,0.0,10.0,19.0,18.0,18.0
10/05/2021,22.0,PM2.5,277,,0.0,18.0,17.0,14.0,22.0
10/06/2021,20.0,PM2.5,278,1.0,0.0,5.0,19.0,13.0,20.0
10/07/2021,19.0,O3,279,1.0,0.0,5.0,19.0,16.0,15.0
10/08/2021,33.0,O3,280,3.0,0.0,18.0,33.0,18.0,28.0
10/09/2021,34.0,O3,281,5.0,0.0,11.0,34.0,16.0,31.0
10/10/2021,34.0,O3,282,7.0,0.0,11.0,34.0,15.0,25.0
10/11/2021,34.0,PM2.5,283,8.0,0.0,8.0,27.0,16.0,34.0
10/12/2021,41.0,PM2.5,284,7.0,0.0,22.0,26.0,17.0,41.0
10/13/2021,39.0,O3,285,9.0,0.0,17.0,39.0,21.0,33.0
10/14/2021,55.0,PM2.5,286,8.0,0.0,23.0,44.0,24.0,55.0
10/15/2021,55.0,PM2.5,287,8.0,0.0,14.0,38.0,24.0,55.0
10/16/2021,31.0,O3,288,7.0,0.0,11.0,31.0,16.0,27.0
10/17/2021,31.0,O3,289,2.0,0.0,10.0,31.0,10.0,19.0
10/18/2021,30.0,O3,290,6.0,0.0,29.0,30.0,14.0,25.0
10/19/2021,38.0,O3,291,9.0,0.0,25.0,38.0,20.0,38.0
10/20/2021,55.0,PM2.5,292,9.0,0.0,34.0,43.0,24.0,55.0
10/21/2021,49.0,PM2.5,293,8.0,0.0,13.0,23.0,19.0,49.0
10/22/2021,39.0,O3,294,3.0,0.0,27.0,39.0,16.0,25.0
10/23/2021,40.0,O3,295,6.0,0.0,25.0,40.0,14.0,34.0
10/24/2021,55.0,PM2.5,296,11.0,0.0,9.0,35.0,19.0,55.0
10/25/2021,33.0,PM2.5,297,5.0,0.0,12.0,27.0,18.0,33.0
10/26/2021,25.0,O3,298,2.0,0.0,9.0,25.0,8.0,13.0
10/27/2021,29.0,PM2.5,299,3.0,0.0,18.0,26.0,,29.0
10/28/2021,20.0,PM2.5,300,3.0,0.0,11.0,19.0,,20.0
10/29/2021,18.0,PM2.5,301,2.0,0.0,12.0,15.0,,18.0
10/30/2021,15.0,PM2.5,302,2.0,0.0,11.0,12.0,,15.0
10/31/2021,21.0,O3,303,3.0,0.0,8.0,21.0,,13.0
11/01/2021,31.0,O3,304,6.0,0.0,21.0,31.0,,28.0
11/02/2021,37.0,PM2.5,305,8.0,0.0,13.0,26.0,,37.0
11/03/2021,21.0,O3,306,2.0,0.0,12.0,21.0,,19.0
11/04/2021,43.0,PM2.5,307,2.0,0.0,11.0,17.0,,43.0
11/05/2021,35.0,PM2.5,308,2.0,0.0,15.0,24.0,,35.0
11/06/2021,31.0,O3,309,3.0,0.0,18.0,31.0,,23.0
11/07/2021,38.0,PM2.5,310,6.0,0.0,27.0,31.0,,38.0
11/08/2021,35.0,NO2,311,9.0,0.0,35.0,31.0,,27.0
11/09/2021,53.0,PM2.5,312,13.0,3.0,43.0,24.0,,53.0
11/10/2021,72.0,PM2.5,313,11.0,1.0,29.0,40.0,,72.0
11/11/2021,62.0,PM2.5,314,8.0,0.0,18.0,31.0,23.0,62.0
11/12/2021,30.0,O3,315,7.0,0.0,27.0,30.0,14.0,21.0
11/13/2021,31.0,PM2.5,316,10.0,0.0,19.0,25.0,13.0,31.0
11/14/2021,27.0,O3,317,3.0,0.0,25.0,27.0,10.0,24.0
11/15/2021,29.0,NO2,318,6.0,0.0,29.0,27.0,12.0,22.0
11/16/2021,54.0,PM2.5,319,11.0,0.0,28.0,37.0,22.0,54.0
11/17/2021,60.0,PM2.5,320,10.0,0.0,35.0,37.0,24.0,60.0
11/18/2021,40.0,PM2.5,321,9.0,0.0,18.0,28.0,19.0,40.0
11/19/2021,34.0,NO2,322,7.0,0.0,34.0,29.0,11.0,21.0
11/20/2021,31.0,O3,323,8.0,0.0,24.0,31.0,14.0,28.0
11/21/2021,35.0,PM2.5,324,3.0,0.0,11.0,28.0,19.0,35.0
11/22/2021,38.0,PM2.5,325,5.0,0.0,17.0,27.0,15.0,38.0
11/23/2021,28.0,NO2,326,5.0,0.0,28.0,24.0,10.0,21.0
11/24/2021,50.0,PM2.5,327,8.0,0.0,29.0,31.0,22.0,50.0
11/25/2021,55.0,PM2.5,328,13.0,0.0,24.0,33.0,19.0,55.0
11/26/2021,28.0,PM2.5,329,3.0,0.0,11.0,25.0,10.0,28.0
11/27/2021,32.0,NO2,330,7.0,0.0,32.0,28.0,11.0,25.0
11/28/2021,38.0,PM2.5,331,9.0,0.0,,23.0,14.0,38.0
11/29/2021,27.0,O3,332,5.0,0.0,,27.0,11.0,25.0
11/30/2021,45.0,PM2.5,333,7.0,0.0,,31.0,21.0,45.0
12/01/2021,62.0,PM2.5,334,13.0,1.0,,35.0,28.0,62.0
12/02/2021,59.0,PM2.5,335,8.0,0.0,45.0,37.0,24.0,59.0
12/03/2021,54.0,PM2.5,336,9.0,0.0,43.0,33.0,25.0,54.0
12/04/2021,76.0,PM2.5,337,11.0,0.0,24.0,31.0,31.0,76.0
12/05/2021,97.0,PM2.5,338,13.0,0.0,13.0,16.0,40.0,97.0
12/06/2021,48.0,PM2.5,339,5.0,0.0,17.0,15.0,23.0,48.0
12/07/2021,33.0,PM2.5,340,3.0,0.0,17.0,13.0,14.0,33.0
12/08/2021,36.0,PM2.5,341,6.0,0.0,20.0,11.0,13.0,36.0
12/09/2021,39.0,PM2.5,342,8.0,0.0,16.0,18.0,17.0,39.0
12/10/2021,43.0,PM2.5,343,3.0,0.0,9.0,5.0,15.0,43.0
12/11/2021,38.0,PM2.5,344,3.0,0.0,7.0,18.0,19.0,38.0
12/12/2021,25.0,O3,345,7.0,0.0,19.0,25.0,11.0,21.0
12/13/2021,48.0,PM2.5,346,13.0,0.0,33.0,26.0,16.0,48.0
12/14/2021,61.0,PM2.5,347,15.0,1.0,33.0,16.0,24.0,61.0
12/15/2021,54.0,PM2.5,348,11.0,0.0,26.0,27.0,21.0,54.0
12/16/2021,54.0,PM2.5,349,6.0,0.0,27.0,26.0,19.0,54.0
12/17/2021,42.0,PM2.5,350,3.0,0.0,8.0,16.0,13.0,42.0
12/18/2021,23.0,PM2.5,351,3.0,0.0,17.0,16.0,12.0,23.0
12/19/2021,20.0,PM2.5,352,3.0,0.0,16.0,15.0,8.0,20.0
12/20/2021,23.0,O3,353,3.0,0.0,8.0,23.0,7.0,20.0
12/21/2021,22.0,PM2.5,354,3.0,0.0,20.0,19.0,9.0,22.0
12/22/2021,29.0,PM2.5,355,3.0,0.0,13.0,28.0,10.0,29.0
12/23/2021,32.0,PM2.5,356,6.0,0.0,26.0,29.0,11.0,32.0
12/24/2021,37.0,PM2.5,357,11.0,0.0,22.0,35.0,13.0,37.0
12/25/2021,30.0,O3,358,3.0,0.0,13.0,30.0,7.0,19.0
12/26/2021,25.0,O3,359,6.0,0.0,17.0,25.0,,
12/27/2021,29.0,PM2.5,360,10.0,0.0,22.0,22.0,,29.0
12/28/2021,23.0,O3,361,5.0,0.0,13.0,23.0,,
12/29/2021,23.0,O3,362,3.0,0.0,10.0,23.0,,
12/30/2021,17.0,PM2.5,363,5.0,0.0,14.0,16.0,,17.0
12/31/2021,13.0,O3,364,8.0,0.0,12.0,13.0,,
01/01/2022,21.0,O3,0,3.0,0.0,4.0,21.0,,
01/02/2022,24.0,O3,1,5.0,0.0,8.0,24.0,,15.0
01/03/2022,22.0,O3,2,6.0,0.0,9.0,22.0,,
01/04/2022,30.0,O3,3,7.0,0.0,19.0,30.0,,
01/05/2022,32.0,O3,4,6.0,0.0,30.0,32.0,,31.0
01/06/2022,24.0,O3,5,10.0,0.0,23.0,24.0,,
01/07/2022,28.0,PM2.5,6,3.0,0.0,18.0,22.0,9.0,28.0
01/08/2022,30.0,O3,7,3.0,0.0,23.0,30.0,10.0,22.0
01/09/2022,41.0,PM2.5,8,3.0,0.0,31.0,23.0,17.0,41.0
01/10/2022,30.0,O3,9,3.0,0.0,10.0,30.0,6.0,13.0
01/11/2022,31.0,O3,10,6.0,0.0,23.0,31.0,7.0,14.0
01/12/2022,38.0,PM2.5,11,11.0,1.0,,25.0,14.0,38.0
01/13/2022,45.0,PM2.5,12,13.0,1.0,,32.0,18.0,45.0
01/14/2022,29.0,PM2.5,13,5.0,0.0,,22.0,18.0,29.0
01/15/2022,63.0,PM2.5,14,9.0,0.0,,22.0,21.0,63.0
01/16/2022,23.0,O3,15,3.0,0.0,,23.0,,
01/17/2022,25.0,O3,16,2.0,0.0,,25.0,10.0,20.0
01/18/2022,39.0,PM2.5,17,6.0,0.0,,24.0,12.0,39.0
01/19/2022,48.0,PM2.5,18,13.0,1.0,,32.0,15.0,48.0
01/20/2022,33.0,PM2.5,19,3.0,0.0,,17.0,15.0,33.0
01/21/2022,57.0,PM2.5,20,3.0,0.0,19.0,10.0,,57.0
01/22/2022,59.0,PM2.5,21,6.0,0.0,30.0,19.0,,59.0
01/23/2022,38.0,PM2.5,22,7.0,1.0,34.0,31.0,,38.0
01/24/2022,51.0,PM2.5,23,6.0,1.0,35.0,36.0,,51.0
01/25/2022,51.0,PM2.5,24,6.0,1.0,43.0,30.0,19.0,51.0
01/26/2022,42.0,PM2.5,25,5.0,0.0,31.0,23.0,20.0,42.0
01/27/2022,52.0,PM2.5,26,5.0,0.0,34.0,34.0,16.0,52.0
01/28/2022,61.0,PM2.5,27,9.0,1.0,33.0,27.0,22.0,61.0
01/29/2022,38.0,NO2,28,3.0,1.0,38.0,32.0,9.0,21.0
01/30/2022,58.0,PM2.5,29,9.0,0.0,49.0,38.0,20.0,58.0
01/31/2022,71.0,PM2.5,30,10.0,1.0,41.0,28.0,29.0,71.0
02/01/2022,61.0,PM2.5,31,11.0,1.0,38.0,40.0,28.0,61.0
02/02/2022,62.0,PM2.5,32,3.0,0.0,13.0,33.0,23.0,62.0
02/03/2022,51.0,PM2.5,33,3.0,0.0,13.0,24.0,18.0,51.0
02/04/2022,23.0,O3,34,3.0,0.0,9.0,23.0,7.0,9.0
02/05/2022,34.0,O3,35,3.0,0.0,27.0,34.0,9.0,33.0
02/06/2022,37.0,O3,36,6.0,0.0,29.0,37.0,9.0,32.0
02/07/2022,36.0,NO2,37,5.0,3.0,36.0,28.0,,25.0
02/08/2022,40.0,NO2,38,5.0,0.0,40.0,33.0,,31.0
02/09/2022,54.0,NO2,39,11.0,1.0,54.0,38.0,,48.0
02/10/2022,58.0,NO2,40,10.0,1.0,58.0,43.0,,44.0
02/11/2022,58.0,PM2.5,41,13.0,1.0,48.0,49.0,23.0,58.0
02/12/2022,64.0,PM2.5,42,10.0,0.0,41.0,58.0,22.0,64.0
02/13/2022,32.0,O3,43,2.0,0.0,8.0,32.0,9.0,14.0
02/14/2022,56.0,PM2.5,44,7.0,1.0,48.0,39.0,19.0,56.0
02/15/2022,71.0,PM2.5,45,11.0,0.0,38.0,45.0,28.0,71.0
02/16/2022,45.0,PM2.5,46,3.0,0.0,44.0,38.0,20.0,45.0
02/17/2022,38.0,PM2.5,47,3.0,0.0,8.0,29.0,16.0,38.0
02/18/2022,27.0,PM2.5,48,2.0,0.0,12.0,24.0,8.0,27.0
02/19/2022,35.0,O3,49,5.0,0.0,31.0,35.0,9.0,18.0
02/20/2022,48.0,PM2.5,50,8.0,0.0,33.0,39.0,14.0,48.0
02/21/2022,60.0,PM2.5,51,7.0,0.0,29.0,26.0,21.0,60.0
02/22/2022,31.0,O3,52,5.0,0.0,20.0,31.0,18.0,31.0
02/23/2022,35.0,PM2.5,53,5.0,0.0,21.0,20.0,15.0,35.0
02/24/2022,39.0,PM2.5,54,8.0,0.0,28.0,28.0,16.0,39.0
02/25/2022,23.0,O3,55,5.0,0.0,17.0,23.0,10.0,16.0
02/26/2022,36.0,PM2.5,56,3.0,0.0,15.0,22.0,11.0,36.0
02/27/2022,49.0,PM2.5,57,5.0,0.0,14.0,18.0,14.0,49.0
02/28/2022,35.0,NO2,58,5.0,0.0,35.0,35.0,10.0,18.0
03/01/2022,43.0,NO2,59,9.0,1.0,43.0,42.0,14.0,32.0
03/02/2022,54.0,NO2,60,8.0,1.0,54.0,47.0,17.0,39.0
03/03/2022,57.0,NO2,61,8.0,1.0,57.0,51.0,21.0,44.0
03/04/2022,72.0,PM2.5,62,10.0,0.0,35.0,54.0,31.0,72.0
03/05/2022,72.0,PM2.5,63,3.0,0.0,6.0,50.0,28.0,72.0
03/06/2022,37.0,PM2.5,64,3.0,0.0,15.0,34.0,19.0,37.0
03/07/2022,55.0,PM2.5,65,2.0,0.0,21.0,26.0,21.0,55.0
03/08/2022,27.0,PM2.5,66,3.0,0.0,25.0,14.0,10.0,27.0
03/09/2022,20.0,O3,67,3.0,0.0,16.0,20.0,10.0,12.0
03/10/2022,26.0,O3,68,5.0,0.0,19.0,26.0,10.0,24.0
03/11/2022,42.0,PM2.5,69,2.0,0.0,8.0,18.0,14.0,42.0
03/12/2022,37.0,O3,70,2.0,0.0,7.0,37.0,6.0,7.0
03/13/2022,37.0,O3,71,6.0,1.0,13.0,37.0,,
03/14/2022,44.0,O3,72,13.0,1.0,,44.0,12.0,35.0
03/15/2022,37.0,PM2.5,73,8.0,0.0,6.0,32.0,18.0,37.0
03/16/2022,28.0,PM2.5,74,2.0,0.0,15.0,25.0,10.0,28.0
03/17/2022,40.0,O3,75,5.0,0.0,27.0,40.0,13.0,36.0
03/18/2022,29.0,O3,76,8.0,0.0,17.0,29.0,15.0,27.0
03/19/2022,35.0,O3,77,2.0,0.0,4.0,35.0,10.0,21.0
03/20/2022,41.0,O3,78,5.0,0.0,37.0,41.0,6.0,15.0
03/21/2022,47.0,O3,79,9.0,0.0,36.0,47.0,13.0,28.0
03/22/2022,48.0,O3,80,5.0,0.0,31.0,48.0,18.0,42.0
03/23/2022,29.0,O3,81,2.0,0.0,13.0,29.0,13.0,28.0
03/24/2022,44.0,O3,82,3.0,0.0,35.0,44.0,10.0,17.0
03/25/2022,37.0,O3,83,7.0,1.0,31.0,37.0,15.0,35.0
03/26/2022,42.0,O3,84,2.0,0.0,22.0,42.0,10.0,17.0
03/27/2022,42.0,O3,85,2.0,0.0,8.0,42.0,8.0,9.0
03/28/2022,41.0,O3,86,2.0,0.0,36.0,41.0,12.0,23.0
03/29/2022,60.0,PM2.5,87,5.0,0.0,35.0,58.0,25.0,60.0
03/30/2022,56.0,PM2.5,88,3.0,0.0,18.0,51.0,34.0,56.0
03/31/2022,39.0,PM2.5,89,2.0,0.0,9.0,37.0,19.0,39.0
04/01/2022,38.0,O3,90,3.0,0.0,32.0,38.0,11.0,27.0
04/02/2022,38.0,O3,91,7.0,0.0,28.0,38.0,15.0,34.0
04/03/2022,44.0,O3,92,7.0,0.0,34.0,44.0,11.0,30.0
04/04/2022,49.0,O3,93,8.0,0.0,47.0,49.0,15.0,33.0
04/05/2022,40.0,PM2.5,94,9.0,0.0,33.0,26.0,19.0,40.0
04/06/2022,36.0,PM2.5,95,2.0,0.0,8.0,23.0,17.0,36.0
04/07/2022,43.0,O3,96,2.0,0.0,10.0,43.0,17.0,21.0
04/08/2022,33.0,O3,97,3.0,0.0,32.0,33.0,13.0,15.0
04/09/2022,35.0,O3,98,5.0,0.0,24.0,35.0,6.0,13.0
04/10/2022,46.0,O3,99,9.0,1.0,31.0,46.0,15.0,35.0
04/11/2022,41.0,O3,100,8.0,0.0,27.0,41.0,15.0,31.0
04/12/2022,56.0,PM2.5,101,6.0,0.0,21.0,43.0,23.0,56.0
04/13/2022,62.0,PM2.5,102,3.0,0.0,12.0,34.0,26.0,62.0
04/14/2022,41.0,O3,103,3.0,0.0,23.0,41.0,16.0,25.0
04/15/2022,46.0,O3,104,5.0,0.0,23.0,46.0,15.0,35.0
04/16/2022,46.0,PM2.5,105,5.0,0.0,7.0,25.0,18.0,46.0
04/17/2022,41.0,PM2.5,106,6.0,0.0,11.0,35.0,19.0,41.0
04/18/2022,30.0,O3,107,5.0,0.0,13.0,30.0,13.0,28.0
04/19/2022,42.0,O3,108,3.0,0.0,30.0,42.0,9.0,21.0
04/20/2022,43.0,O3,109,7.0,0.0,20.0,43.0,13.0,26.0
04/21/2022,43.0,O3,110,3.0,0.0,8.0,43.0,16.0,36.0
04/22/2022,50.0,PM2.5,111,9.0,0.0,,43.0,20.0,50.0
04/23/2022,43.0,O3,112,8.0,0.0,,43.0,21.0,40.0
04/24/2022,49.0,PM2.5,113,2.0,0.0,,40.0,19.0,49.0
04/25/2022,51.0,PM2.5,114,6.0,0.0,,39.0,22.0,51.0
04/26/2022,31.0,PM2.5,115,8.0,0.0,8.0,24.0,18.0,31.0
04/27/2022,61.0,O3,116,5.0,0.0,34.0,61.0,18.0,37.0
04/28/2022,81.0,PM2.5,117,8.0,0.0,36.0,61.0,35.0,81.0
04/29/2022,74.0,O3,118,9.0,0.0,28.0,74.0,37.0,66.0
04/30/2022,55.0,PM2.5,119,5.0,0.0,24.0,41.0,24.0,55.0
05/01/2022,54.0,PM2.5,120,3.0,0.0,11.0,28.0,20.0,54.0
05/02/2022,40.0,O3,121,5.0,0.0,19.0,40.0,19.0,34.0
05/03/2022,36.0,PM2.5,122,5.0,0.0,21.0,35.0,18.0,36.0
05/04/2022,49.0,PM2.5,123,5.0,0.0,24.0,35.0,23.0,49.0
05/05/2022,42.0,O3,124,6.0,0.0,19.0,42.0,23.0,35.0
05/06/2022,40.0,O3,125,5.0,0.0,14.0,40.0,19.0,36.0
05/07/2022,30.0,O3,126,2.0,0.0,7.0,30.0,9.0,20.0
05/08/2022,27.0,O3,127,2.0,0.0,9.0,27.0,9.0,12.0
05/09/2022,37.0,O3,128,3.0,0.0,19.0,37.0,11.0,22.0
05/10/2022,71.0,O3,129,7.0,0.0,37.0,71.0,16.0,35.0
05/11/2022,80.0,O3,130,8.0,0.0,25.0,80.0,19.0,38.0
05/12/2022,43.0,O3,131,5.0,0.0,23.0,43.0,15.0,31.0
05/13/2022,31.0,O3,132,2.0,0.0,7.0,31.0,9.0,20.0
05/14/2022,44.0,O3,133,2.0,0.0,8.0,44.0,11.0,17.0
05/15/2022,42.0,O3,134,6.0,0.0,23.0,42.0,16.0,41.0
05/16/2022,49.0,O3,135,5.0,0.0,21.0,49.0,18.0,45.0
05/17/2022,90.0,O3,136,3.0,0.0,40.0,90.0,16.0,26.0
05/18/2022,71.0,O3,137,8.0,0.0,35.0,71.0,21.0,48.0
05/19/2022,61.0,PM2.5,138,6.0,0.0,31.0,47.0,25.0,61.0
05/20/2022,36.0,O3,139,3.0,0.0,10.0,36.0,19.0,34.0
05/21/2022,43.0,PM2.5,140,2.0,0.0,4.0,31.0,17.0,43.0
05/22/2022,48.0,PM2.5,141,2.0,0.0,5.0,31.0,31.0,48.0
05/23/2022,22.0,O3,142,2.0,0.0,16.0,22.0,16.0,22.0
05/24/2022,40.0,PM2.5,143,5.0,0.0,19.0,27.0,27.0,40.0
05/25/2022,36.0,PM2.5,144,2.0,0.0,8.0,18.0,19.0,36.0
05/26/2022,21.0,PM2.5,145,2.0,0.0,4.0,20.0,17.0,21.0
05/27/2022,42.0,O3,146,2.0,0.0,10.0,42.0,16.0,29.0
05/28/2022,46.0,O3,147,3.0,0.0,25.0,46.0,14.0,32.0
05/29/2022,40.0,O3,148,8.0,0.0,18.0,40.0,18.0,35.0
05/30/2022,53.0,PM2.5,149,7.0,0.0,17.0,33.0,22.0,53.0
05/31/2022,38.0,PM2.5,150,3.0,0.0,20.0,35.0,17.0,38.0
06/01/2022,64.0,O3,151,7.0,0.0,32.0,64.0,21.0,43.0
06/02/2022,55.0,PM2.5,152,7.0,0.0,24.0,40.0,23.0,55.0
06/03/2022,44.0,O3,153,2.0,0.0,11.0,44.0,16.0,37.0
06/04/2022,40.0,O3,154,2.0,0.0,8.0,40.0,22.0,25.0
06/05/2022,73.0,PM2.5,155,2.0,0.0,8.0,45.0,44.0,73.0
06/06/2022,64.0,PM2.5,156,2.0,0.0,13.0,34.0,41.0,64.0
06/07/2022,36.0,O3,157,3.0,0.0,17.0,36.0,34.0,31.0
06/08/2022,42.0,PM2.5,158,3.0,0.0,18.0,31.0,31.0,42.0
06/09/2022,54.0,PM2.5,159,3.0,0.0,30.0,37.0,35.0,54.0
06/10/2022,46.0,O3,160,5.0,0.0,23.0,46.0,29.0,26.0
06/11/2022,64.0,O3,161,7.0,0.0,17.0,64.0,29.0,60.0
06/12/2022,66.0,PM2.5,162,7.0,0.0,21.0,42.0,36.0,66.0
06/13/2022,48.0,PM2.5,163,7.0,0.0,25.0,47.0,38.0,48.0
06/14/2022,77.0,PM2.5,164,6.0,0.0,29.0,38.0,45.0,77.0
06/15/2022,63.0,PM2.5,165,3.0,0.0,20.0,43.0,37.0,63.0
06/16/2022,51.0,PM2.5,166,3.0,0.0,19.0,48.0,27.0,51.0
06/17/2022,54.0,PM2.5,167,3.0,0.0,19.0,51.0,24.0,54.0
06/18/2022,48.0,O3,168,3.0,0.0,17.0,48.0,18.0,36.0
06/19/2022,44.0,O3,169,5.0,0.0,36.0,44.0,13.0,22.0
06/20/2022,147.0,O3,170,8.0,0.0,48.0,147.0,25.0,54.0
06/21/2022,67.0,O3,171,8.0,0.0,43.0,67.0,25.0,57.0
06/22/2022,61.0,O3,172,7.0,0.0,42.0,61.0,29.0,53.0
06/23/2022,77.0,O3,173,5.0,0.0,36.0,77.0,28.0,62.0
06/24/2022,53.0,PM2.5,174,3.0,0.0,27.0,48.0,20.0,53.0
06/25/2022,44.0,O3,175,2.0,0.0,6.0,44.0,16.0,30.0
06/26/2022,50.0,PM2.5,176,3.0,0.0,12.0,44.0,18.0,50.0
06/27/2022,48.0,PM2.5,177,5.0,0.0,25.0,43.0,21.0,48.0
06/28/2022,42.0,PM2.5,178,,0.0,19.0,31.0,24.0,42.0
06/29/2022,43.0,PM2.5,179,,0.0,17.0,34.0,20.0,43.0
06/30/2022,41.0,O3,180,,0.0,10.0,41.0,19.0,33.0
07/01/2022,25.0,PM2.5,181,,0.0,9.0,24.0,22.0,25.0
07/02/2022,49.0,O3,182,,0.0,7.0,49.0,25.0,43.0
07/03/2022,43.0,PM2.5,183,,0.0,8.0,31.0,22.0,43.0
07/04/2022,52.0,PM2.5,184,,0.0,7.0,40.0,26.0,52.0
07/05/2022,61.0,O3,185,,0.0,20.0,61.0,22.0,49.0
07/06/2022,43.0,PM2.5,186,,0.0,18.0,40.0,22.0,43.0
07/07/2022,36.0,O3,187,,0.0,13.0,36.0,21.0,27.0
07/08/2022,40.0,O3,188,2.0,0.0,14.0,40.0,23.0,39.0
07/09/2022,31.0,O3,189,3.0,0.0,8.0,31.0,18.0,28.0
07/10/2022,35.0,O3,190,2.0,0.0,6.0,35.0,20.0,25.0
07/11/2022,28.0,O3,191,2.0,0.0,6.0,28.0,12.0,23.0
07/12/2022,40.0,PM2.5,192,3.0,0.0,8.0,36.0,19.0,40.0
07/13/2022,37.0,O3,193,2.0,0.0,9.0,37.0,20.0,31.0
07/14/2022,49.0,O3,194,5.0,0.0,24.0,49.0,22.0,42.0
07/15/2022,51.0,O3,195,5.0,0.0,17.0,51.0,20.0,48.0
07/16/2022,43.0,O3,196,2.0,0.0,6.0,43.0,15.0,24.0
07/17/2022,36.0,PM2.5,197,3.0,0.0,11.0,31.0,19.0,36.0
07/18/2022,33.0,PM2.5,198,3.0,0.0,12.0,30.0,19.0,33.0
07/19/2022,33.0,O3,199,2.0,0.0,14.0,33.0,21.0,25.0
07/20/2022,37.0,PM2.5,200,2.0,0.0,9.0,31.0,19.0,37.0
07/21/2022,37.0,PM2.5,201,3.0,0.0,13.0,26.0,22.0,37.0
07/22/2022,44.0,O3,202,6.0,0.0,12.0,44.0,25.0,31.0
07/23/2022,44.0,O3,203,6.0,0.0,22.0,44.0,18.0,33.0
07/24/2022,41.0,PM2.5,204,6.0,0.0,11.0,33.0,23.0,41.0
07/25/2022,27.0,O3,205,2.0,0.0,15.0,27.0,17.0,20.0
07/26/2022,32.0,O3,206,3.0,0.0,12.0,32.0,21.0,31.0
07/27/2022,37.0,O3,207,3.0,0.0,13.0,37.0,18.0,32.0
07/28/2022,34.0,O3,208,2.0,0.0,10.0,34.0,16.0,28.0
07/29/2022,35.0,O3,209,3.0,0.0,14.0,35.0,15.0,33.0
07/30/2022,32.0,O3,210,3.0,0.0,11.0,32.0,19.0,30.0
07/31/2022,32.0,PM2.5,211,3.0,0.0,18.0,22.0,26.0,32.0
08/01/2022,54.0,PM2.5,212,7.0,0.0,16.0,19.0,31.0,54.0
08/02/2022,41.0,PM2.5,213,5.0,0.0,11.0,36.0,21.0,41.0
08/03/2022,35.0,O3,214,3.0,0.0,10.0,35.0,17.0,25.0
08/04/2022,32.0,O3,215,3.0,0.0,18.0,32.0,15.0,32.0
08/05/2022,40.0,PM2.5,216,5.0,0.0,16.0,31.0,18.0,40.0
08/06/2022,25.0,PM2.5,217,3.0,0.0,6.0,,17.0,25.0
08/07/2022,30.0,PM2.5,218,,,,,16.0,30.0
08/08/2022,50.0,O3,219,3.0,0.0,20.0,50.0,19.0,32.0
08/09/2022,33.0,O3,220,3.0,0.0,21.0,33.0,21.0,20.0
08/10/2022,28.0,O3,221,3.0,0.0,13.0,28.0,19.0,26.0
08/11/2022,35.0,PM2.5,222,3.0,0.0,21.0,30.0,25.0,35.0
08/12/2022,36.0,O3,223,3.0,0.0,16.0,36.0,21.0,24.0
08/13/2022,41.0,PM2.5,224,5.0,0.0,12.0,34.0,18.0,41.0
08/14/2022,50.0,PM2.5,225,8.0,0.0,23.0,35.0,20.0,50.0
08/15/2022,38.0,PM2.5,226,7.0,0.0,19.0,32.0,22.0,38.0
08/16/2022,52.0,PM2.5,227,3.0,0.0,10.0,44.0,21.0,52.0
08/17/2022,40.0,PM2.5,228,3.0,0.0,8.0,33.0,16.0,40.0
08/18/2022,30.0,O3,229,3.0,0.0,15.0,30.0,21.0,28.0
08/19/2022,47.0,PM2.5,230,3.0,0.0,5.0,19.0,22.0,47.0
08/20/2022,37.0,PM2.5,231,3.0,0.0,6.0,27.0,19.0,37.0
08/21/2022,22.0,O3,232,3.0,0.0,12.0,22.0,17.0,17.0
08/22/2022,40.0,PM2.5,233,3.0,0.0,15.0,23.0,25.0,40.0
08/23/2022,47.0,PM2.5,234,3.0,0.0,16.0,41.0,24.0,47.0
08/24/2022,28.0,O3,235,3.0,0.0,16.0,28.0,19.0,28.0
08/25/2022,22.0,PM2.5,236,2.0,0.0,10.0,20.0,16.0,22.0
08/26/2022,35.0,O3,237,3.0,0.0,9.0,35.0,19.0,30.0
08/27/2022,33.0,O3,238,3.0,0.0,12.0,33.0,17.0,23.0
08/28/2022,37.0,PM2.5,239,3.0,0.0,9.0,28.0,17.0,37.0
08/29/2022,36.0,PM2.5,240,5.0,0.0,8.0,30.0,15.0,36.0
08/30/2022,38.0,O3,241,3.0,0.0,16.0,38.0,15.0,18.0
08/31/2022,48.0,O3,242,5.0,0.0,25.0,48.0,21.0,39.0
09/01/2022,44.0,O3,243,7.0,0.0,14.0,44.0,18.0,40.0
09/02/2022,34.0,O3,244,2.0,0.0,6.0,34.0,11.0,18.0
09/03/2022,23.0,PM2.5,245,2.0,0.0,3.0,19.0,10.0,23.0
09/04/2022,23.0,PM2.5,246,2.0,0.0,4.0,14.0,12.0,23.0
09/05/2022,20.0,O3,247,3.0,0.0,8.0,20.0,16.0,15.0
09/06/2022,44.0,PM2.5,248,5.0,0.0,15.0,31.0,23.0,44.0
09/07/2022,40.0,O3,249,3.0,0.0,11.0,40.0,19.0,33.0
09/08/2022,31.0,O3,250,3.0,0.0,13.0,31.0,15.0,23.0
09/09/2022,25.0,O3,251,2.0,0.0,5.0,25.0,13.0,23.0
09/10/2022,15.0,O3,252,2.0,0.0,3.0,15.0,9.0,12.0
09/11/2022,25.0,O3,253,2.0,0.0,5.0,25.0,12.0,13.0
09/12/2022,32.0,O3,254,2.0,0.0,9.0,32.0,16.0,26.0
09/13/2022,37.0,O3,255,5.0,0.0,33.0,37.0,16.0,25.0
09/14/2022,46.0,O3,256,7.0,0.0,25.0,46.0,27.0,40.0
09/15/2022,43.0,O3,257,7.0,0.0,23.0,43.0,16.0,33.0
09/16/2022,43.0,O3,258,8.0,0.0,21.0,43.0,17.0,39.0
09/17/2022,47.0,PM2.5,259,9.0,0.0,18.0,42.0,19.0,47.0
09/18/2022,50.0,PM2.5,260,9.0,0.0,26.0,44.0,19.0,50.0
09/19/2022,52.0,PM2.5,261,8.0,0.0,33.0,46.0,20.0,52.0
09/20/2022,57.0,PM2.5,262,7.0,0.0,19.0,44.0,40.0,57.0
09/21/2022,108.0,O3,263,9.0,0.0,32.0,108.0,21.0,52.0
09/22/2022,53.0,PM2.5,264,8.0,0.0,20.0,44.0,27.0,53.0
09/23/2022,43.0,O3,265,5.0,0.0,24.0,43.0,14.0,20.0
09/24/2022,44.0,O3,266,9.0,0.0,20.0,44.0,13.0,28.0
09/25/2022,40.0,PM2.5,267,8.0,0.0,20.0,32.0,17.0,40.0
09/26/2022,40.0,O3,268,5.0,0.0,31.0,40.0,17.0,29.0
09/27/2022,35.0,O3,269,3.0,0.0,23.0,35.0,15.0,19.0
09/28/2022,42.0,O3,270,2.0,0.0,25.0,42.0,12.0,17.0
09/29/2022,31.0,O3,271,2.0,0.0,9.0,31.0,15.0,13.0
09/30/2022,31.0,O3,272,2.0,3.0,7.0,31.0,11.0,17.0
10/01/2022,33.0,O3,273,2.0,0.0,11.0,33.0,9.0,15.0
10/02/2022,28.0,O3,274,2.0,0.0,5.0,28.0,,12.0
10/03/2022,31.0,O3,275,3.0,0.0,18.0,31.0,,16.0
10/04/2022,31.0,O3,276,3.0,0.0,30.0,31.0,,25.0
10/05/2022,35.0,O3,277,6.0,0.0,33.0,35.0,17.0,27.0
10/06/2022,44.0,O3,278,6.0,0.0,41.0,44.0,16.0,34.0
10/07/2022,58.0,O3,279,9.0,0.0,37.0,58.0,24.0,50.0
10/08/2022,38.0,O3,280,7.0,0.0,27.0,38.0,16.0,31.0
10/09/2022,44.0,O3,281,5.0,0.0,24.0,44.0,18.0,42.0
10/10/2022,52.0,PM2.5,282,6.0,0.0,41.0,49.0,21.0,52.0
10/11/2022,43.0,PM2.5,283,7.0,0.0,25.0,37.0,20.0,43.0
10/12/2022,34.0,PM2.5,284,2.0,0.0,13.0,19.0,18.0,34.0
10/13/2022,30.0,O3,285,2.0,0.0,14.0,30.0,15.0,24.0
10/14/2022,37.0,O3,286,6.0,0.0,25.0,37.0,19.0,32.0
10/15/2022,41.0,PM2.5,287,11.0,0.0,27.0,36.0,19.0,41.0
10/16/2022,52.0,PM2.5,288,11.0,0.0,20.0,35.0,21.0,52.0
10/17/2022,46.0,PM2.5,289,6.0,0.0,14.0,35.0,25.0,46.0
10/18/2022,26.0,O3,290,2.0,0.0,13.0,26.0,13.0,11.0
10/19/2022,26.0,O3,291,3.0,0.0,25.0,26.0,16.0,25.0
10/20/2022,28.0,O3,292,6.0,0.0,27.0,28.0,16.0,28.0
10/21/2022,44.0,PM2.5,293,9.0,0.0,31.0,36.0,19.0,44.0
10/22/2022,55.0,PM2.5,294,11.0,0.0,27.0,46.0,20.0,55.0
10/23/2022,58.0,PM2.5,295,11.0,0.0,34.0,48.0,22.0,58.0
10/24/2022,54.0,PM2.5,296,10.0,0.0,28.0,40.0,23.0,54.0
10/25/2022,54.0,PM2.5,297,7.0,0.0,16.0,44.0,26.0,54.0
10/26/2022,22.0,O3,298,2.0,0.0,11.0,22.0,11.0,16.0
10/27/2022,35.0,O3,299,3.0,0.0,19.0,35.0,11.0,22.0
10/28/2022,31.0,O3,300,3.0,0.0,15.0,31.0,13.0,28.0
10/29/2022,24.0,O3,301,3.0,0.0,5.0,24.0,11.0,18.0
10/30/2022,13.0,O3,302,2.0,0.0,2.0,13.0,7.0,11.0
10/31/2022,29.0,PM2.5,303,5.0,0.0,19.0,23.0,15.0,29.0
11/01/2022,38.0,PM2.5,304,7.0,0.0,23.0,31.0,20.0,38.0
11/02/2022,42.0,PM2.5,305,7.0,0.0,25.0,32.0,19.0,42.0
11/03/2022,45.0,PM2.5,306,6.0,0.0,27.0,32.0,19.0,45.0
11/04/2022,46.0,PM2.5,307,9.0,0.0,17.0,37.0,20.0,46.0
11/05/2022,29.0,PM2.5,308,3.0,0.0,12.0,26.0,16.0,29.0
11/06/2022,35.0,PM2.5,309,6.0,0.0,18.0,28.0,17.0,35.0
11/07/2022,26.0,O3,310,9.0,0.0,20.0,26.0,17.0,26.0
11/08/2022,38.0,NO2,311,6.0,0.0,38.0,38.0,18.0,38.0
11/09/2022,33.0,O3,312,3.0,0.0,7.0,33.0,16.0,23.0
11/10/2022,29.0,O3,313,2.0,0.0,5.0,29.0,11.0,13.0
11/11/2022,17.0,O3,314,2.0,0.0,8.0,17.0,9.0,11.0
11/12/2022,23.0,PM2.5,315,3.0,0.0,11.0,21.0,14.0,23.0
11/13/2022,20.0,O3,316,2.0,0.0,13.0,20.0,8.0,13.0
11/14/2022,23.0,O3,317,3.0,0.0,14.0,23.0,9.0,18.0
11/15/2022,19.0,PM2.5,318,3.0,0.0,15.0,16.0,10.0,19.0
11/16/2022,22.0,O3,319,3.0,0.0,20.0,22.0,12.0,22.0
11/17/2022,27.0,NO2,320,3.0,0.0,27.0,26.0,12.0,27.0
11/18/2022,32.0,PM2.5,321,5.0,0.0,28.0,27.0,15.0,32.0
11/19/2022,35.0,PM2.5,322,8.0,0.0,22.0,31.0,17.0,35.0
11/20/2022,27.0,NO2,323,5.0,0.0,27.0,26.0,11.0,21.0
11/21/2022,40.0,PM2.5,324,8.0,0.0,31.0,33.0,18.0,40.0
11/22/2022,48.0,PM2.5,325,10.0,0.0,36.0,24.0,23.0,48.0
11/23/2022,54.0,PM2.5,326,13.0,0.0,31.0,28.0,25.0,54.0
11/24/2022,40.0,PM2.5,327,10.0,0.0,25.0,33.0,19.0,40.0
11/25/2022,23.0,PM2.5,328,3.0,0.0,9.0,18.0,13.0,23.0
11/26/2022,27.0,O3,329,7.0,0.0,10.0,27.0,15.0,26.0
11/27/2022,28.0,NO2,330,3.0,0.0,28.0,27.0,9.0,15.0
11/28/2022,27.0,NO2,331,6.0,0.0,27.0,26.0,,20.0
11/29/2022,35.0,O3,332,10.0,0.0,15.0,35.0,,35.0
11/30/2022,24.0,O3,333,2.0,0.0,13.0,24.0,,20.0
12/01/2022,26.0,O3,334,6.0,0.0,25.0,26.0,,14.0
12/02/2022,27.0,PM2.5,335,8.0,0.0,17.0,23.0,,27.0
12/03/2022,33.0,PM2.5,336,3.0,0.0,14.0,15.0,,33.0
12/04/2022,26.0,PM2.5,337,5.0,0.0,15.0,19.0,,26.0
12/05/2022,27.0,PM2.5,338,3.0,0.0,15.0,5.0,,27.0
12/06/2022,17.0,PM2.5,339,3.0,0.0,11.0,4.0,,17.0
12/07/2022,23.0,PM2.5,340,3.0,0.0,18.0,12.0,,23.0
12/08/2022,31.0,PM2.5,341,6.0,0.0,18.0,19.0,,31.0
12/09/2022,34.0,PM2.5,342,8.0,0.0,12.0,6.0,20.0,34.0
12/10/2022,15.0,PM2.5,343,2.0,0.0,4.0,12.0,13.0,15.0
12/11/2022,11.0,O3,344,2.0,0.0,8.0,11.0,10.0,11.0
12/12/2022,16.0,PM2.5,345,5.0,0.0,9.0,10.0,14.0,16.0
12/13/2022,28.0,PM2.5,346,3.0,0.0,7.0,19.0,15.0,28.0
12/14/2022,25.0,PM2.5,347,2.0,0.0,5.0,17.0,12.0,25.0
12/15/2022,28.0,O3,348,2.0,0.0,19.0,28.0,7.0,10.0
12/16/2022,26.0,O3,349,5.0,0.0,25.0,26.0,10.0,16.0
12/17/2022,26.0,NO2,350,5.0,0.0,26.0,25.0,12.0,18.0
12/18/2022,29.0,O3,351,3.0,0.0,26.0,29.0,12.0,18.0
12/19/2022,29.0,O3,352,5.0,0.0,25.0,29.0,11.0,23.0
12/20/2022,23.0,PM2.5,353,2.0,0.0,8.0,21.0,9.0,23.0
12/21/2022,26.0,O3,354,2.0,0.0,10.0,26.0,10.0,19.0
12/22/2022,14.0,PM2.5,355,2.0,0.0,11.0,13.0,8.0,14.0
12/23/2022,25.0,O3,356,9.0,0.0,3.0,25.0,,
12/24/2022,27.0,O3,357,9.0,0.0,9.0,27.0,8.0,20.0
12/25/2022,31.0,O3,358,2.0,1.0,10.0,31.0,6.0,11.0
12/26/2022,32.0,NO2,359,3.0,1.0,32.0,27.0,9.0,25.0
12/27/2022,48.0,PM2.5,360,7.0,1.0,34.0,26.0,17.0,48.0
12/28/2022,53.0,PM2.5,361,13.0,1.0,33.0,33.0,21.0,53.0
12/29/2022,44.0,PM2.5,362,6.0,0.0,33.0,38.0,18.0,44.0
12/30/2022,48.0,PM2.5,363,10.0,0.0,25.0,28.0,18.0,48.0
12/31/2022,30.0,PM2.5,364,6.0,0.0,14.0,11.0,16.0,30.0
01/01/2023,14.0,PM10,0,6.0,0.0,,,14.0,
01/02/2023,17.0,PM10,1,11.0,0.0,12.0,,17.0,
01/03/2023,36.0,PM2.5,2,2.0,0.0,8.0,,13.0,36.0
01/04/2023,30.0,NO2,3,6.0,0.0,30.0,,11.0,
01/05/2023,35.0,NO2,4,8.0,0.0,35.0,,10.0,
01/06/2023,31.0,NO2,5,5.0,0.0,31.0,,7.0,22.0
01/07/2023,29.0,NO2,6,9.0,0.0,29.0,,18.0,
01/08/2023,17.0,PM10,7,8.0,0.0,,,17.0,
01/09/2023,50.0,PM2.5,8,5.0,0.0,25.0,,14.0,50.0
01/10/2023,33.0,NO2,9,6.0,0.0,33.0,,14.0,
01/11/2023,25.0,NO2,10,10.0,0.0,25.0,,17.0,
01/12/2023,31.0,PM2.5,11,7.0,0.0,22.0,,15.0,31.0
01/13/2023,7.0,NO2,12,2.0,0.0,7.0,,6.0,
01/14/2023,6.0,NO2,13,2.0,0.0,6.0,,6.0,
01/15/2023,38.0,NO2,14,7.0,0.0,38.0,,8.0,34.0
01/16/2023,36.0,NO2,15,13.0,1.0,36.0,,17.0,
01/17/2023,26.0,NO2,16,3.0,0.0,26.0,,12.0,
01/18/2023,32.0,PM2.5,17,3.0,0.0,,,14.0,32.0
01/19/2023,17.0,PM10,18,2.0,0.0,,,17.0,
01/20/2023,15.0,NO2,19,2.0,0.0,15.0,,8.0,
01/21/2023,34.0,PM2.5,20,2.0,0.0,14.0,,9.0,34.0
01/22/2023,16.0,NO2,21,3.0,0.0,16.0,,6.0,
01/23/2023,23.0,NO2,22,3.0,0.0,23.0,,7.0,
01/24/2023,34.0,PM2.5,23,7.0,0.0,23.0,,12.0,34.0
01/25/2023,11.0,NO2,24,2.0,0.0,11.0,,6.0,
01/26/2023,25.0,NO2,25,3.0,0.0,25.0,,7.0,
01/27/2023,30.0,NO2,26,5.0,0.0,30.0,,8.0,28.0
01/28/2023,30.0,NO2,27,11.0,0.0,30.0,,12.0,
01/29/2023,30.0,NO2,28,6.0,0.0,30.0,,15.0,
01/30/2023,41.0,PM2.5,29,6.0,0.0,23.0,,12.0,41.0
01/31/2023,19.0,NO2,30,7.0,0.0,19.0,,18.0,
02/01/2023,16.0,NO2,31,3.0,0.0,16.0,,7.0,
02/02/2023,18.0,PM2.5,32,3.0,0.0,17.0,,6.0,18.0
02/03/2023,9.0,PM10,33,2.0,0.0,8.0,,9.0,
02/04/2023,24.0,NO2,34,2.0,0.0,24.0,,10.0,
02/05/2023,47.0,PM2.5,35,5.0,0.0,30.0,,11.0,47.0
02/06/2023,41.0,NO2,36,7.0,0.0,41.0,,13.0,
02/07/2023,42.0,NO2,37,10.0,0.0,42.0,,19.0,
02/08/2023,68.0,PM2.5,38,9.0,0.0,29.0,,26.0,68.0
02/09/2023,23.0,NO2,39,3.0,0.0,23.0,,17.0,
02/10/2023,56.0,NO2,40,2.0,0.0,56.0,,8.0,
02/11/2023,24.0,NO2,41,2.0,0.0,24.0,,7.0,20.0
02/12/2023,8.0,NO2,42,2.0,0.0,8.0,,4.0,
02/13/2023,41.0,NO2,43,5.0,1.0,41.0,,8.0,
02/14/2023,46.0,PM2.5,44,9.0,1.0,28.0,,13.0,46.0
02/15/2023,31.0,NO2,45,5.0,0.0,31.0,,19.0,
02/16/2023,21.0,PM10,46,5.0,0.0,14.0,,21.0,
02/17/2023,20.0,PM2.5,47,2.0,0.0,5.0,,7.0,20.0
02/18/2023,26.0,NO2,48,3.0,0.0,26.0,,7.0,
02/19/2023,30.0,NO2,49,5.0,0.0,30.0,,12.0,
02/20/2023,52.0,PM2.5,50,9.0,0.0,29.0,,18.0,52.0
02/21/2023,19.0,NO2,51,3.0,0.0,19.0,,16.0,
02/22/2023,18.0,PM10,52,7.0,0.0,12.0,,18.0,
02/23/2023,53.0,PM2.5,53,2.0,0.0,14.0,,19.0,53.0
02/24/2023,19.0,PM10,54,3.0,0.0,17.0,,19.0,
02/25/2023,15.0,PM10,55,3.0,0.0,11.0,,15.0,
02/26/2023,41.0,PM2.5,56,3.0,0.0,14.0,,13.0,41.0
02/27/2023,18.0,PM10,57,7.0,0.0,11.0,,18.0,
02/28/2023,51.0,PM10,58,6.0,0.0,46.0,,51.0,
03/01/2023,75.0,PM2.5,59,11.0,0.0,31.0,22.0,39.0,75.0
03/02/2023,20.0,O3,60,3.0,0.0,16.0,20.0,12.0,
03/03/2023,32.0,O3,61,2.0,0.0,9.0,32.0,20.0,
03/04/2023,38.0,O3,62,3.0,0.0,20.0,38.0,7.0,19.0
03/05/2023,43.0,O3,63,5.0,0.0,33.0,43.0,9.0,
03/06/2023,43.0,O3,64,10.0,0.0,40.0,43.0,29.0,
03/07/2023,65.0,PM2.5,65,10.0,0.0,28.0,46.0,33.0,65.0
03/08/2023,35.0,NO2,66,3.0,0.0,35.0,,19.0,
03/09/2023,31.0,O3,67,7.0,0.0,30.0,31.0,28.0,
03/10/2023,53.0,PM2.5,68,3.0,0.0,23.0,33.0,18.0,53.0
03/11/2023,38.0,O3,69,5.0,0.0,25.0,38.0,8.0,
03/12/2023,24.0,O3,70,5.0,0.0,19.0,24.0,14.0,
03/13/2023,33.0,O3,71,3.0,0.0,10.0,33.0,7.0,21.0
03/14/2023,35.0,O3,72,2.0,0.0,9.0,35.0,8.0,
03/15/2023,42.0,NO2,73,6.0,0.0,42.0,40.0,19.0,
03/16/2023,77.0,PM2.5,74,10.0,0.0,30.0,45.0,27.0,77.0
03/17/2023,31.0,O3,75,3.0,0.0,12.0,31.0,21.0,
03/18/2023,39.0,O3,76,2.0,0.0,5.0,39.0,7.0,
03/19/2023,37.0,O3,77,2.0,0.0,6.0,37.0,7.0,23.0
03/20/2023,41.0,O3,78,5.0,0.0,40.0,41.0,11.0,
03/21/2023,45.0,O3,79,9.0,1.0,37.0,45.0,19.0,
03/22/2023,62.0,PM2.5,80,7.0,0.0,34.0,31.0,27.0,62.0
03/23/2023,37.0,O3,81,3.0,0.0,36.0,37.0,26.0,
03/24/2023,33.0,NO2,82,6.0,0.0,33.0,29.0,25.0,
03/25/2023,38.0,O3,83,5.0,0.0,27.0,38.0,19.0,37.0
03/26/2023,26.0,O3,84,8.0,0.0,25.0,26.0,15.0,
03/27/2023,41.0,O3,85,3.0,0.0,40.0,41.0,15.0,
03/28/2023,53.0,PM2.5,86,6.0,0.0,25.0,43.0,21.0,53.0
03/29/2023,48.0,O3,87,5.0,0.0,42.0,48.0,13.0,
03/30/2023,51.0,O3,88,10.0,0.0,44.0,51.0,19.0,
03/31/2023,52.0,PM2.5,89,5.0,0.0,39.0,41.0,19.0,52.0
04/01/2023,43.0,O3,90,2.0,0.0,8.0,43.0,32.0,
04/02/2023,44.0,O3,91,6.0,3.0,39.0,44.0,9.0,
04/03/2023,58.0,PM2.5,92,10.0,0.0,24.0,25.0,18.0,58.0
04/04/2023,24.0,PM10,93,2.0,0.0,8.0,19.0,24.0,
04/05/2023,27.0,O3,94,3.0,0.0,20.0,27.0,16.0,
04/06/2023,56.0,PM2.5,95,6.0,0.0,18.0,30.0,20.0,56.0
04/07/2023,31.0,O3,96,7.0,0.0,10.0,31.0,18.0,
04/08/2023,31.0,O3,97,2.0,0.0,3.0,31.0,4.0,
04/09/2023,43.0,O3,98,2.0,0.0,10.0,43.0,7.0,23.0
04/10/2023,46.0,O3,99,3.0,0.0,33.0,46.0,10.0,
04/11/2023,50.0,O3,100,8.0,0.0,38.0,50.0,14.0,
04/12/2023,56.0,PM2.5,101,9.0,0.0,34.0,51.0,19.0,56.0
04/13/2023,27.0,O3,102,6.0,0.0,25.0,27.0,15.0,
04/14/2023,34.0,O3,103,3.0,0.0,15.0,34.0,16.0,
04/15/2023,55.0,PM2.5,104,7.0,0.0,13.0,40.0,20.0,55.0
04/16/2023,38.0,O3,105,3.0,1.0,14.0,38.0,14.0,
04/17/2023,44.0,O3,106,3.0,0.0,34.0,44.0,17.0,
04/18/2023,51.0,PM2.5,107,6.0,1.0,39.0,49.0,19.0,51.0
04/19/2023,71.0,O3,108,8.0,0.0,40.0,71.0,25.0,
04/20/2023,64.0,O3,109,8.0,0.0,33.0,64.0,27.0,
04/21/2023,54.0,O3,110,6.0,0.0,27.0,54.0,24.0,51.0
04/22/2023,42.0,O3,111,3.0,0.0,27.0,42.0,15.0,
04/23/2023,39.0,O3,112,6.0,0.0,22.0,39.0,13.0,
04/24/2023,43.0,O3,113,2.0,0.0,15.0,43.0,13.0,37.0
04/25/2023,47.0,O3,114,5.0,0.0,27.0,47.0,27.0,
04/26/2023,29.0,O3,115,3.0,0.0,6.0,29.0,18.0,
04/27/2023,32.0,PM2.5,116,2.0,0.0,9.0,15.0,12.0,32.0
04/28/2023,37.0,O3,117,3.0,0.0,25.0,37.0,14.0,
04/29/2023,37.0,O3,118,6.0,0.0,20.0,37.0,16.0,
04/30/2023,39.0,O3,119,3.0,0.0,8.0,39.0,15.0,33.0
05/01/2023,41.0,O3,120,2.0,0.0,21.0,41.0,14.0,
05/02/2023,44.0,O3,121,2.0,0.0,25.0,44.0,16.0,
05/03/2023,42.0,O3,122,2.0,0.0,34.0,42.0,16.0,25.0
05/04/2023,43.0,O3,123,6.0,0.0,41.0,43.0,11.0,
05/05/2023,26.0,NO2,124,7.0,0.0,26.0,26.0,15.0,
05/06/2023,51.0,PM2.5,125,3.0,0.0,6.0,40.0,14.0,51.0
05/07/2023,36.0,O3,126,3.0,0.0,16.0,36.0,15.0,
05/08/2023,35.0,O3,127,3.0,0.0,22.0,35.0,16.0,
05/09/2023,59.0,PM2.5,128,3.0,0.0,25.0,30.0,21.0,59.0
05/10/2023,58.0,O3,129,5.0,0.0,,58.0,17.0,
05/11/2023,41.0,O3,130,2.0,0.0,7.0,41.0,19.0,
05/12/2023,51.0,PM2.5,131,2.0,0.0,8.0,32.0,18.0,51.0
05/13/2023,41.0,O3,132,5.0,0.0,17.0,41.0,16.0,
05/14/2023,32.0,O3,133,7.0,0.0,17.0,32.0,21.0,
05/15/2023,53.0,PM2.5,134,5.0,0.0,8.0,43.0,18.0,53.0
05/16/2023,29.0,O3,135,2.0,0.0,11.0,29.0,20.0,
05/17/2023,28.0,O3,136,3.0,0.0,17.0,28.0,18.0,
05/18/2023,37.0,PM2.5,137,5.0,0.0,10.0,35.0,15.0,37.0
05/19/2023,40.0,O3,138,2.0,0.0,4.0,40.0,14.0,
05/20/2023,29.0,O3,139,2.0,0.0,5.0,29.0,9.0,
05/21/2023,33.0,O3,140,3.0,0.0,5.0,33.0,11.0,24.0
05/22/2023,43.0,O3,141,3.0,0.0,8.0,43.0,22.0,
05/23/2023,41.0,O3,142,3.0,0.0,9.0,41.0,26.0,
05/24/2023,62.0,PM2.5,143,3.0,0.0,22.0,44.0,27.0,62.0
05/25/2023,54.0,O3,144,6.0,0.0,24.0,54.0,24.0,
05/26/2023,61.0,O3,145,2.0,0.0,7.0,61.0,23.0,
05/27/2023,46.0,O3,146,2.0,0.0,5.0,46.0,12.0,30.0
05/28/2023,41.0,O3,147,2.0,0.0,18.0,41.0,7.0,
05/29/2023,30.0,O3,148,3.0,0.0,11.0,30.0,10.0,
05/30/2023,39.0,PM2.5,149,5.0,0.0,21.0,34.0,12.0,39.0
05/31/2023,36.0,O3,150,3.0,0.0,7.0,36.0,17.0,
06/01/2023,39.0,O3,151,3.0,0.0,25.0,39.0,14.0,
06/02/2023,47.0,PM2.5,152,6.0,0.0,24.0,40.0,16.0,47.0
06/03/2023,58.0,O3,153,7.0,0.0,32.0,58.0,21.0,
06/04/2023,40.0,O3,154,6.0,0.0,27.0,40.0,20.0,
06/05/2023,62.0,PM2.5,155,3.0,0.0,19.0,42.0,24.0,62.0
06/06/2023,47.0,O3,156,6.0,0.0,24.0,47.0,24.0,
06/07/2023,77.0,O3,157,6.0,0.0,25.0,77.0,30.0,
06/08/2023,72.0,PM2.5,158,6.0,0.0,35.0,64.0,31.0,72.0
06/09/2023,87.0,O3,159,5.0,0.0,39.0,87.0,34.0,
06/10/2023,77.0,O3,160,9.0,0.0,35.0,77.0,33.0,
06/11/2023,62.0,PM2.5,161,3.0,0.0,8.0,40.0,23.0,62.0
06/12/2023,40.0,O3,162,3.0,0.0,18.0,40.0,15.0,
06/13/2023,43.0,O3,163,5.0,0.0,25.0,43.0,19.0,
06/14/2023,31.0,PM2.5,164,2.0,0.0,11.0,28.0,14.0,31.0
06/15/2023,33.0,O3,165,2.0,0.0,14.0,33.0,15.0,
06/16/2023,48.0,O3,166,3.0,0.0,25.0,48.0,17.0,
06/17/2023,80.0,O3,167,5.0,0.0,28.0,80.0,27.0,61.0
06/18/2023,50.0,O3,168,9.0,0.0,26.0,50.0,35.0,
06/19/2023,25.0,O3,169,2.0,0.0,6.0,25.0,16.0,
06/20/2023,44.0,PM2.5,170,3.0,,10.0,37.0,18.0,44.0
06/21/2023,27.0,O3,171,3.0,0.0,5.0,27.0,10.0,
06/22/2023,23.0,O3,172,3.0,0.0,11.0,23.0,10.0,
06/23/2023,36.0,PM2.5,173,3.0,0.0,20.0,33.0,17.0,36.0
06/24/2023,67.0,O3,174,6.0,0.0,21.0,67.0,23.0,
06/25/2023,43.0,O3,175,8.0,0.0,21.0,43.0,28.0,
06/26/2023,51.0,PM2.5,176,2.0,0.0,21.0,36.0,19.0,51.0
06/27/2023,45.0,O3,177,3.0,0.0,26.0,45.0,28.0,
06/28/2023,67.0,O3,178,7.0,0.0,27.0,67.0,30.0,
06/29/2023,98.0,PM2.5,179,8.0,0.0,29.0,97.0,50.0,98.0
06/30/2023,50.0,PM10,180,9.0,0.0,31.0,32.0,50.0,
07/01/2023,40.0,O3,181,6.0,0.0,14.0,40.0,22.0,
07/02/2023,53.0,PM2.5,182,3.0,0.0,9.0,29.0,19.0,53.0
07/03/2023,32.0,O3,183,3.0,0.0,18.0,32.0,19.0,
07/04/2023,35.0,O3,184,5.0,0.0,16.0,35.0,27.0,
07/05/2023,64.0,PM2.5,185,7.0,0.0,20.0,35.0,31.0,64.0
07/06/2023,36.0,O3,186,5.0,0.0,24.0,36.0,20.0,
07/07/2023,36.0,O3,187,5.0,0.0,15.0,36.0,18.0,
07/08/2023,46.0,PM2.5,188,6.0,0.0,10.0,38.0,19.0,46.0
07/09/2023,38.0,O3,189,2.0,0.0,8.0,38.0,12.0,
07/10/2023,38.0,O3,190,3.0,0.0,23.0,38.0,14.0,
07/11/2023,54.0,PM2.5,191,6.0,0.0,27.0,43.0,19.0,54.0
07/12/2023,40.0,O3,192,7.0,0.0,20.0,40.0,19.0,
07/13/2023,22.0,O3,193,3.0,0.0,16.0,22.0,19.0,
07/14/2023,49.0,PM2.5,194,2.0,0.0,12.0,37.0,15.0,49.0
07/15/2023,32.0,O3,195,3.0,0.0,11.0,32.0,17.0,
07/16/2023,44.0,O3,196,3.0,0.0,9.0,44.0,19.0,
07/17/2023,53.0,PM10,197,6.0,0.0,26.0,50.0,53.0,
07/18/2023,57.0,PM10,198,9.0,4.0,22.0,44.0,57.0,
07/19/2023,43.0,O3,199,3.0,0.0,23.0,43.0,17.0,
07/20/2023,65.0,PM2.5,200,7.0,0.0,23.0,32.0,25.0,65.0
07/21/2023,35.0,O3,201,2.0,0.0,13.0,35.0,22.0,
07/22/2023,34.0,O3,202,3.0,0.0,14.0,34.0,18.0,
07/23/2023,53.0,PM2.5,203,5.0,0.0,11.0,43.0,20.0,53.0
07/24/2023,53.0,PM2.5,204,5.0,0.0,34.0,50.0,18.0,53.0
07/25/2023,50.0,O3,205,7.0,0.0,28.0,50.0,24.0,
07/26/2023,65.0,PM2.5,206,7.0,0.0,22.0,54.0,26.0,65.0
07/27/2023,93.0,O3,207,6.0,0.0,19.0,93.0,27.0,
07/28/2023,77.0,O3,208,5.0,0.0,22.0,77.0,25.0,
07/29/2023,60.0,PM2.5,209,5.0,3.0,13.0,41.0,23.0,60.0
07/30/2023,36.0,O3,210,5.0,0.0,9.0,36.0,18.0,
07/31/2023,43.0,O3,211,3.0,0.0,14.0,43.0,13.0,
08/01/2023,46.0,O3,212,3.0,0.0,26.0,46.0,15.0,45.0
08/02/2023,46.0,O3,213,3.0,0.0,9.0,46.0,15.0,
08/03/2023,29.0,O3,214,2.0,0.0,17.0,29.0,17.0,
08/04/2023,49.0,PM2.5,215,3.0,0.0,16.0,37.0,19.0,49.0
08/05/2023,50.0,O3,216,3.0,0.0,16.0,50.0,16.0,
08/06/2023,32.0,O3,217,5.0,0.0,14.0,32.0,17.0,
08/07/2023,43.0,PM2.5,218,2.0,,,26.0,,43.0
08/08/2023,31.0,O3,219,3.0,0.0,,31.0,18.0,
08/09/2023,36.0,O3,220,5.0,0.0,18.0,36.0,18.0,
08/10/2023,36.0,O3,221,3.0,0.0,15.0,36.0,13.0,34.0
08/11/2023,31.0,O3,222,3.0,0.0,18.0,31.0,17.0,
08/12/2023,32.0,O3,223,3.0,0.0,16.0,32.0,22.0,
08/13/2023,42.0,PM2.5,224,3.0,0.0,11.0,33.0,19.0,42.0
08/14/2023,27.0,O3,225,3.0,0.0,17.0,27.0,20.0,
08/15/2023,31.0,O3,226,3.0,0.0,15.0,31.0,21.0,
08/16/2023,43.0,O3,227,3.0,0.0,25.0,43.0,18.0,41.0
08/17/2023,37.0,O3,228,7.0,0.0,25.0,37.0,17.0,
08/18/2023,46.0,O3,229,6.0,0.0,30.0,46.0,19.0,
08/19/2023,57.0,PM2.5,230,8.0,0.0,17.0,46.0,20.0,57.0
08/20/2023,51.0,O3,231,6.0,0.0,25.0,51.0,21.0,
08/21/2023,49.0,O3,232,10.0,0.0,26.0,49.0,24.0,
08/22/2023,68.0,PM2.5,233,6.0,0.0,19.0,38.0,27.0,68.0
08/23/2023,54.0,O3,234,8.0,0.0,13.0,54.0,35.0,
08/24/2023,54.0,O3,235,6.0,0.0,25.0,54.0,40.0,
08/25/2023,70.0,PM2.5,236,7.0,0.0,32.0,51.0,28.0,70.0
08/26/2023,40.0,O3,237,7.0,0.0,20.0,40.0,21.0,
08/27/2023,45.0,O3,238,7.0,0.0,16.0,45.0,19.0,
08/28/2023,42.0,O3,239,3.0,0.0,19.0,42.0,14.0,39.0
08/29/2023,39.0,O3,240,3.0,0.0,10.0,39.0,17.0,
08/30/2023,25.0,O3,241,3.0,0.0,10.0,25.0,13.0,
08/31/2023,61.0,O3,242,5.0,0.0,13.0,61.0,23.0,54.0
09/01/2023,41.0,O3,243,3.0,0.0,6.0,41.0,15.0,
09/02/2023,44.0,O3,244,5.0,0.0,18.0,44.0,12.0,
09/03/2023,52.0,PM2.5,245,8.0,0.0,14.0,45.0,15.0,52.0
09/04/2023,48.0,O3,246,9.0,0.0,23.0,48.0,19.0,
09/05/2023,39.0,O3,247,8.0,0.0,33.0,39.0,23.0,
09/06/2023,57.0,PM2.5,248,8.0,0.0,22.0,34.0,20.0,57.0
09/07/2023,40.0,O3,249,6.0,0.0,23.0,40.0,18.0,
09/08/2023,47.0,O3,250,7.0,0.0,33.0,47.0,24.0,
09/09/2023,54.0,PM2.5,251,8.0,0.0,21.0,38.0,18.0,54.0
09/10/2023,42.0,O3,252,3.0,0.0,13.0,42.0,17.0,
09/11/2023,46.0,O3,253,5.0,0.0,13.0,46.0,18.0,
09/12/2023,54.0,PM2.5,254,3.0,0.0,9.0,36.0,20.0,54.0
09/13/2023,39.0,O3,255,5.0,0.0,23.0,39.0,21.0,
09/14/2023,32.0,O3,256,6.0,0.0,22.0,32.0,22.0,
09/15/2023,49.0,PM2.5,257,6.0,0.0,10.0,35.0,19.0,49.0
09/16/2023,29.0,O3,258,3.0,0.0,9.0,29.0,19.0,
09/17/2023,41.0,O3,259,5.0,0.0,21.0,41.0,17.0,
09/18/2023,43.0,O3,260,6.0,0.0,28.0,43.0,21.0,
09/19/2023,67.0,O3,261,8.0,0.0,18.0,67.0,17.0,
09/20/2023,55.0,PM2.5,262,8.0,0.0,18.0,47.0,19.0,55.0
09/21/2023,56.0,PM2.5,263,6.0,0.0,18.0,46.0,19.0,56.0
09/22/2023,47.0,O3,264,6.0,0.0,33.0,47.0,19.0,
09/23/2023,45.0,O3,265,9.0,0.0,26.0,45.0,19.0,
09/24/2023,51.0,PM2.5,266,7.0,0.0,24.0,40.0,14.0,51.0
09/25/2023,46.0,O3,267,9.0,0.0,36.0,46.0,19.0,
09/26/2023,46.0,O3,268,7.0,0.0,18.0,46.0,19.0,
09/27/2023,48.0,PM2.5,269,3.0,0.0,12.0,27.0,15.0,48.0
09/28/2023,29.0,O3,270,3.0,0.0,15.0,29.0,9.0,
09/29/2023,40.0,O3,271,7.0,0.0,24.0,40.0,20.0,
09/30/2023,57.0,PM2.5,272,9.0,0.0,14.0,44.0,19.0,57.0
10/01/2023,37.0,O3,273,8.0,0.0,19.0,37.0,14.0,
10/02/2023,39.0,O3,274,8.0,0.0,24.0,39.0,15.0,
10/03/2023,51.0,PM2.5,275,7.0,0.0,30.0,44.0,18.0,51.0
10/04/2023,44.0,O3,276,8.0,0.0,24.0,44.0,21.0,
10/05/2023,46.0,O3,277,8.0,0.0,17.0,46.0,20.0,
10/06/2023,57.0,PM2.5,278,5.0,0.0,12.0,30.0,20.0,57.0
10/07/2023,30.0,O3,279,2.0,0.0,6.0,30.0,12.0,
10/08/2023,31.0,O3,280,5.0,0.0,22.0,31.0,7.0,
10/09/2023,47.0,PM2.5,281,7.0,0.0,31.0,35.0,16.0,47.0
10/10/2023,43.0,O3,282,6.0,0.0,22.0,43.0,20.0,
10/11/2023,30.0,NO2,283,7.0,0.0,30.0,30.0,27.0,
10/12/2023,32.0,O3,284,3.0,0.0,6.0,32.0,8.0,22.0
10/13/2023,31.0,O3,285,2.0,0.0,8.0,31.0,13.0,
10/14/2023,29.0,O3,286,2.0,0.0,9.0,29.0,16.0,
10/15/2023,23.0,O3,287,2.0,0.0,5.0,23.0,5.0,13.0
10/16/2023,22.0,O3,288,2.0,0.0,12.0,22.0,6.0,
10/17/2023,26.0,O3,289,5.0,0.0,19.0,26.0,7.0,
10/18/2023,44.0,PM2.5,290,8.0,0.0,18.0,31.0,13.0,44.0
10/19/2023,30.0,O3,291,7.0,0.0,14.0,30.0,19.0,
10/20/2023,32.0,O3,292,5.0,0.0,15.0,32.0,18.0,
10/21/2023,37.0,PM2.5,293,5.0,0.0,27.0,34.0,11.0,37.0
10/22/2023,36.0,O3,294,5.0,0.0,25.0,36.0,17.0,
10/23/2023,35.0,O3,295,7.0,0.0,19.0,35.0,14.0,
10/24/2023,61.0,PM2.5,296,7.0,0.0,25.0,40.0,25.0,61.0
10/25/2023,33.0,O3,297,8.0,0.0,18.0,33.0,26.0,
10/26/2023,30.0,O3,298,8.0,0.0,12.0,30.0,16.0,
10/27/2023,51.0,PM2.5,299,7.0,0.0,14.0,33.0,16.0,51.0
10/28/2023,40.0,O3,300,9.0,1.0,27.0,40.0,20.0,
10/29/2023,32.0,O3,301,11.0,0.0,,32.0,19.0,
10/30/2023,51.0,PM2.5,302,9.0,0.0,,25.0,18.0,51.0
10/31/2023,11.0,NO2,303,2.0,0.0,11.0,,9.0,
11/01/2023,29.0,NO2,304,3.0,0.0,29.0,,11.0,
11/02/2023,41.0,PM2.5,305,7.0,0.0,31.0,,15.0,41.0
11/03/2023,38.0,NO2,306,9.0,1.0,38.0,,16.0,
11/04/2023,36.0,NO2,307,10.0,1.0,36.0,,19.0,
11/05/2023,66.0,PM2.5,308,11.0,0.0,34.0,,22.0,66.0
11/06/2023,42.0,NO2,309,9.0,0.0,42.0,,27.0,
11/07/2023,40.0,NO2,310,9.0,1.0,40.0,,29.0,
11/08/2023,63.0,PM2.5,311,8.0,1.0,27.0,,26.0,63.0
11/09/2023,31.0,NO2,312,6.0,0.0,31.0,,23.0,
11/10/2023,22.0,PM10,313,7.0,0.0,15.0,,22.0,
11/11/2023,36.0,PM2.5,314,3.0,0.0,8.0,,11.0,36.0
11/12/2023,12.0,NO2,315,3.0,0.0,12.0,,11.0,
11/13/2023,28.0,NO2,316,8.0,0.0,28.0,,18.0,
11/14/2023,58.0,PM2.5,317,11.0,0.0,14.0,,19.0,58.0
11/15/2023,15.0,PM10,318,2.0,0.0,10.0,,15.0,
11/16/2023,18.0,NO2,319,3.0,0.0,18.0,,14.0,
11/17/2023,47.0,PM2.5,320,3.0,0.0,18.0,,16.0,47.0
11/18/2023,17.0,NO2,321,6.0,0.0,17.0,,16.0,
11/19/2023,19.0,NO2,322,3.0,0.0,19.0,,14.0,
11/20/2023,45.0,PM2.5,323,2.0,0.0,8.0,,14.0,45.0
11/21/2023,12.0,PM10,324,2.0,,11.0,,12.0,
11/22/2023,13.0,NO2,325,3.0,,13.0,,10.0,
11/23/2023,37.0,PM2.5,326,6.0,,19.0,,8.0,37.0
11/24/2023,25.0,NO2,327,8.0,,25.0,,16.0,
11/25/2023,17.0,NO2,328,11.0,,17.0,,17.0,
11/26/2023,51.0,PM2.5,329,2.0,,19.0,,12.0,51.0
11/27/2023,17.0,NO2,330,2.0,,17.0,,9.0,
11/28/2023,25.0,NO2,331,3.0,,25.0,,13.0,
11/29/2023,56.0,PM2.5,332,6.0,,37.0,,20.0,56.0
11/30/2023,32.0,NO2,333,11.0,1.0,32.0,,21.0,
12/01/2023,19.0,PM10,334,3.0,0.0,16.0,,19.0,
12/02/2023,53.0,PM2.5,335,5.0,0.0,11.0,,22.0,53.0
12/03/2023,26.0,NO2,336,6.0,0.0,26.0,,11.0,
12/04/2023,17.0,PM10,337,8.0,0.0,16.0,,17.0,
12/05/2023,35.0,NO2,338,5.0,0.0,35.0,,11.0,33.0
12/06/2023,21.0,NO2,339,3.0,0.0,21.0,,7.0,
12/07/2023,34.0,NO2,340,6.0,1.0,34.0,,15.0,
12/08/2023,62.0,PM2.5,341,13.0,1.0,28.0,,19.0,62.0
12/09/2023,23.0,PM10,342,5.0,0.0,14.0,,23.0,
12/10/2023,11.0,NO2,343,5.0,0.0,11.0,,9.0,
12/11/2023,27.0,PM2.5,344,5.0,0.0,25.0,,7.0,27.0
12/12/2023,27.0,NO2,345,8.0,1.0,27.0,,12.0,
12/13/2023,34.0,NO2,346,13.0,1.0,34.0,,17.0,
12/14/2023,41.0,PM2.5,347,13.0,1.0,31.0,,13.0,41.0
12/15/2023,34.0,NO2,348,7.0,0.0,34.0,,10.0,
12/16/2023,25.0,NO2,349,11.0,0.0,25.0,,11.0,
12/17/2023,32.0,PM2.5,350,2.0,0.0,7.0,,7.0,32.0
12/18/2023,9.0,NO2,351,2.0,0.0,9.0,,7.0,
12/19/2023,7.0,PM10,352,5.0,0.0,,,7.0,
12/20/2023,53.0,PM2.5,353,8.0,0.0,32.0,,13.0,53.0
12/21/2023,40.0,NO2,354,11.0,1.0,40.0,,21.0,
12/22/2023,40.0,NO2,355,11.0,1.0,40.0,,25.0,
12/23/2023,61.0,PM2.5,356,14.0,0.0,34.0,,19.0,61.0
12/24/2023,18.0,NO2,357,11.0,0.0,18.0,,13.0,
12/25/2023,7.0,PM10,358,2.0,0.0,5.0,,7.0,
12/26/2023,19.0,PM2.5,359,3.0,0.0,18.0,,8.0,19.0
12/27/2023,28.0,NO2,360,3.0,0.0,28.0,,8.0,
12/28/2023,25.0,NO2,361,3.0,0.0,25.0,,9.0,
12/29/2023,30.0,PM2.5,362,2.0,0.0,17.0,,6.0,30.0
12/30/2023,14.0,NO2,363,3.0,0.0,14.0,,6.0,
12/31/2023,28.0,NO2,364,6.0,0.0,28.0,,11.0,
01/01/2024,60.0,PM2.5,0,13.0,0.0,20.0,,18.0,60.0
01/02/2024,32.0,NO2,1,6.0,0.0,32.0,,8.0,
01/03/2024,27.0,NO2,2,9.0,1.0,27.0,,16.0,
01/04/2024,56.0,PM2.5,3,3.0,0.0,25.0,,13.0,56.0
01/05/2024,23.0,NO2,4,5.0,0.0,23.0,,10.0,
01/06/2024,19.0,NO2,5,3.0,0.0,19.0,,8.0,
01/07/2024,23.0,NO2,6,5.0,0.0,23.0,,5.0,19.0
01/08/2024,21.0,NO2,7,9.0,0.0,21.0,,7.0,
01/09/2024,21.0,NO2,8,2.0,0.0,21.0,,7.0,
01/10/2024,27.0,NO2,9,3.0,0.0,27.0,,6.0,20.0
01/11/2024,40.0,NO2,10,8.0,0.0,40.0,,15.0,
01/12/2024,29.0,NO2,11,9.0,0.0,29.0,,12.0,
01/13/2024,25.0,NO2,12,5.0,0.0,25.0,,7.0,18.0
01/14/2024,29.0,NO2,13,9.0,0.0,29.0,,11.0,
01/15/2024,39.0,NO2,14,9.0,0.0,39.0,,15.0,
01/16/2024,36.0,PM2.5,15,6.0,0.0,23.0,,8.0,36.0
01/17/2024,40.0,NO2,16,5.0,3.0,40.0,,11.0,
01/18/2024,31.0,NO2,17,8.0,0.0,31.0,,13.0,
01/19/2024,41.0,PM2.5,18,2.0,0.0,8.0,,9.0,41.0
01/20/2024,8.0,PM10,19,2.0,0.0,7.0,,8.0,
01/21/2024,36.0,NO2,20,5.0,0.0,36.0,,8.0,
01/22/2024,39.0,PM2.5,21,8.0,0.0,34.0,,13.0,39.0
01/23/2024,16.0,PM10,22,3.0,0.0,14.0,,16.0,
01/24/2024,11.0,PM10,23,3.0,0.0,8.0,,11.0,
01/25/2024,24.0,NO2,24,2.0,0.0,24.0,,9.0,21.0
01/26/2024,23.0,NO2,25,5.0,0.0,23.0,,11.0,
01/27/2024,13.0,PM10,26,9.0,0.0,12.0,,13.0,
01/28/2024,8.0,PM2.5,27,2.0,0.0,4.0,,2.0,8.0
01/29/2024,22.0,NO2,28,2.0,0.0,22.0,,4.0,
01/30/2024,24.0,NO2,29,3.0,0.0,24.0,,8.0,
01/31/2024,28.0,PM2.5,30,3.0,0.0,20.0,,7.0,28.0
02/01/2024,37.0,NO2,31,5.0,1.0,37.0,,12.0,
02/02/2024,46.0,NO2,32,8.0,0.0,46.0,,18.0,
02/03/2024,46.0,PM2.5,33,9.0,0.0,28.0,,14.0,46.0
02/04/2024,8.0,PM10,34,2.0,0.0,5.0,,8.0,
02/05/2024,42.0,NO2,35,6.0,0.0,42.0,,7.0,
02/06/2024,47.0,PM2.5,36,11.0,1.0,41.0,,14.0,47.0
02/07/2024,15.0,PM10,37,10.0,0.0,,,15.0,
02/08/2024,25.0,NO2,38,9.0,0.0,25.0,,17.0,
02/09/2024,63.0,PM2.5,39,5.0,0.0,29.0,,24.0,63.0
02/10/2024,20.0,NO2,40,7.0,0.0,20.0,,19.0,
02/11/2024,8.0,NO2,41,2.0,0.0,8.0,,8.0,
02/12/2024,13.0,PM2.5,42,2.0,0.0,9.0,,5.0,13.0
02/13/2024,33.0,NO2,43,3.0,0.0,33.0,,7.0,
02/14/2024,42.0,NO2,44,6.0,0.0,42.0,,9.0,
02/15/2024,60.0,PM2.5,45,13.0,1.0,47.0,,18.0,60.0
02/16/2024,34.0,NO2,46,9.0,1.0,34.0,,26.0,
02/17/2024,7.0,PM10,47,2.0,0.0,6.0,,7.0,
02/18/2024,43.0,PM2.5,48,3.0,1.0,34.0,,7.0,43.0
02/19/2024,43.0,NO2,49,5.0,0.0,43.0,,10.0,
02/20/2024,45.0,NO2,50,11.0,1.0,45.0,,29.0,
02/21/2024,82.0,PM2.5,51,11.0,1.0,37.0,,24.0,82.0
02/22/2024,90.0,PM2.5,52,7.0,0.0,44.0,,33.0,90.0
02/23/2024,30.0,PM2.5,53,3.0,0.0,19.0,,8.0,30.0
02/24/2024,30.0,NO2,54,3.0,0.0,30.0,,6.0,19.0
02/25/2024,44.0,PM2.5,55,3.0,0.0,30.0,,11.0,44.0
02/26/2024,80.0,PM2.5,56,8.0,0.0,30.0,,31.0,80.0
02/27/2024,58.0,PM2.5,57,3.0,0.0,5.0,,21.0,58.0
02/28/2024,37.0,PM2.5,58,2.0,0.0,6.0,,15.0,37.0
02/29/2024,22.0,NO2,59,2.0,0.0,22.0,,6.0,18.0
03/01/2024,31.0,PM2.5,60,2.0,,10.0,21.0,6.0,31.0
03/02/2024,37.0,PM2.5,61,3.0,0.0,10.0,19.0,8.0,37.0
03/03/2024,35.0,PM2.5,62,5.0,0.0,8.0,19.0,9.0,35.0
03/04/2024,33.0,PM2.5,63,5.0,0.0,13.0,19.0,8.0,33.0
03/05/2024,44.0,PM2.5,64,8.0,0.0,15.0,25.0,13.0,44.0
03/06/2024,21.0,O3,65,2.0,0.0,17.0,21.0,6.0,19.0
03/07/2024,38.0,NO2,66,6.0,0.0,38.0,33.0,7.0,23.0
03/08/2024,26.0,O3,67,9.0,0.0,22.0,26.0,6.0,23.0
03/09/2024,25.0,O3,68,2.0,0.0,8.0,25.0,4.0,12.0
03/10/2024,40.0,O3,69,2.0,0.0,6.0,40.0,5.0,16.0
03/11/2024,42.0,NO2,70,5.0,0.0,42.0,38.0,6.0,19.0
03/12/2024,62.0,PM2.5,71,8.0,3.0,48.0,42.0,15.0,62.0
03/13/2024,80.0,PM2.5,72,9.0,3.0,48.0,46.0,27.0,80.0
03/14/2024,96.0,PM2.5,73,10.0,1.0,36.0,44.0,33.0,96.0
03/15/2024,66.0,PM2.5,74,6.0,0.0,38.0,25.0,22.0,66.0
03/16/2024,31.0,PM2.5,75,3.0,0.0,20.0,27.0,10.0,31.0
03/17/2024,34.0,O3,76,2.0,0.0,12.0,34.0,8.0,33.0
03/18/2024,37.0,O3,77,2.0,0.0,24.0,37.0,8.0,24.0
03/19/2024,42.0,O3,78,2.0,0.0,32.0,42.0,8.0,34.0
03/20/2024,73.0,PM2.5,79,5.0,0.0,45.0,46.0,24.0,73.0
03/21/2024,104.0,PM2.5,80,8.0,0.0,42.0,,31.0,104.0
03/22/2024,70.0,PM2.5,81,5.0,0.0,29.0,31.0,23.0,70.0
03/23/2024,50.0,PM2.5,82,2.0,0.0,8.0,35.0,11.0,50.0
03/24/2024,44.0,O3,83,3.0,0.0,18.0,44.0,7.0,33.0
03/25/2024,56.0,PM2.5,84,2.0,0.0,4.0,38.0,14.0,56.0
03/26/2024,37.0,PM2.5,85,3.0,0.0,19.0,20.0,13.0,37.0
03/27/2024,36.0,PM2.5,86,3.0,0.0,34.0,34.0,13.0,36.0
03/28/2024,40.0,O3,87,2.0,0.0,,40.0,7.0,26.0
03/29/2024,44.0,O3,88,6.0,0.0,,44.0,11.0,37.0
03/30/2024,56.0,PM2.5,89,10.0,0.0,,47.0,18.0,56.0
03/31/2024,54.0,PM2.5,90,7.0,0.0,,38.0,16.0,54.0
04/01/2024,54.0,PM2.5,91,5.0,0.0,,28.0,17.0,54.0
04/02/2024,58.0,PM2.5,92,2.0,0.0,8.0,31.0,19.0,58.0
04/03/2024,38.0,O3,93,2.0,0.0,7.0,38.0,10.0,23.0
04/04/2024,40.0,O3,94,2.0,0.0,11.0,40.0,9.0,23.0
04/05/2024,33.0,O3,95,2.0,0.0,22.0,33.0,6.0,26.0
04/06/2024,68.0,PM2.5,96,3.0,0.0,29.0,40.0,8.0,68.0
04/07/2024,128.0,PM2.5,97,8.0,0.0,27.0,49.0,33.0,128.0
04/08/2024,66.0,PM2.5,98,5.0,0.0,18.0,42.0,23.0,66.0
04/09/2024,63.0,PM2.5,99,3.0,0.0,24.0,24.0,21.0,63.0
04/10/2024,54.0,PM2.5,100,2.0,0.0,8.0,,21.0,54.0
04/11/2024,31.0,O3,101,2.0,0.0,6.0,31.0,8.0,22.0
04/12/2024,41.0,O3,102,2.0,0.0,11.0,41.0,11.0,21.0
04/13/2024,44.0,O3,103,3.0,0.0,31.0,44.0,11.0,26.0
04/14/2024,54.0,PM2.5,104,8.0,0.0,25.0,48.0,17.0,54.0
04/15/2024,57.0,PM2.5,105,6.0,0.0,42.0,44.0,20.0,57.0
04/16/2024,61.0,PM2.5,106,6.0,0.0,36.0,44.0,21.0,61.0
04/17/2024,71.0,PM2.5,107,5.0,0.0,22.0,36.0,26.0,71.0
04/18/2024,60.0,PM2.5,108,6.0,0.0,19.0,43.0,20.0,60.0
04/19/2024,60.0,PM2.5,109,3.0,0.0,15.0,28.0,19.0,60.0
04/20/2024,51.0,PM2.5,110,3.0,0.0,14.0,30.0,15.0,51.0
04/21/2024,28.0,O3,111,3.0,0.0,14.0,28.0,11.0,24.0
04/22/2024,41.0,O3,112,3.0,0.0,34.0,41.0,8.0,27.0
04/23/2024,51.0,PM2.5,113,7.0,0.0,28.0,41.0,15.0,51.0
04/24/2024,60.0,PM2.5,114,6.0,0.0,32.0,40.0,19.0,60.0
04/25/2024,59.0,PM2.5,115,8.0,0.0,36.0,58.0,20.0,59.0
04/26/2024,65.0,PM2.5,116,7.0,0.0,24.0,44.0,22.0,65.0
04/27/2024,59.0,PM2.5,117,2.0,0.0,4.0,35.0,19.0,59.0
04/28/2024,54.0,PM2.5,118,2.0,0.0,5.0,43.0,15.0,54.0
04/29/2024,54.0,PM2.5,119,2.0,0.0,14.0,37.0,17.0,54.0
04/30/2024,48.0,PM2.5,120,3.0,0.0,25.0,38.0,14.0,48.0
05/01/2024,45.0,PM2.5,121,7.0,0.0,39.0,44.0,12.0,45.0
05/02/2024,55.0,PM2.5,122,8.0,0.0,31.0,50.0,15.0,55.0
05/03/2024,61.0,PM2.5,123,6.0,0.0,27.0,39.0,19.0,61.0
05/04/2024,52.0,PM2.5,124,5.0,0.0,14.0,32.0,16.0,52.0
05/05/2024,47.0,PM2.5,125,3.0,0.0,12.0,36.0,18.0,47.0
05/06/2024,45.0,PM2.5,126,5.0,0.0,13.0,30.0,16.0,45.0
05/07/2024,52.0,PM2.5,127,5.0,0.0,14.0,23.0,17.0,52.0
05/08/2024,53.0,PM2.5,128,3.0,0.0,11.0,23.0,16.0,53.0
05/09/2024,32.0,PM2.5,129,2.0,0.0,10.0,31.0,15.0,32.0
05/10/2024,40.0,O3,130,3.0,0.0,15.0,40.0,15.0,33.0
05/11/2024,39.0,O3,131,3.0,0.0,27.0,39.0,8.0,25.0
05/12/2024,43.0,O3,132,6.0,0.0,35.0,43.0,13.0,38.0
05/13/2024,44.0,PM2.5,133,7.0,0.0,26.0,29.0,12.0,44.0
05/14/2024,33.0,PM2.5,134,2.0,0.0,15.0,27.0,8.0,33.0
05/15/2024,40.0,PM2.5,135,5.0,0.0,13.0,,12.0,40.0
05/16/2024,40.0,O3,136,3.0,0.0,31.0,40.0,11.0,37.0
05/17/2024,42.0,PM2.5,137,7.0,0.0,,31.0,11.0,42.0
05/18/2024,31.0,O3,138,2.0,0.0,8.0,31.0,10.0,28.0
05/19/2024,34.0,O3,139,3.0,0.0,9.0,34.0,9.0,25.0
05/20/2024,45.0,O3,140,2.0,0.0,21.0,45.0,9.0,32.0
05/21/2024,64.0,O3,141,6.0,0.0,16.0,64.0,13.0,53.0
05/22/2024,54.0,PM2.5,142,5.0,0.0,16.0,41.0,18.0,54.0
05/23/2024,58.0,PM2.5,143,5.0,0.0,23.0,32.0,18.0,58.0
05/24/2024,56.0,PM2.5,144,6.0,0.0,,35.0,19.0,56.0
05/25/2024,55.0,PM2.5,145,5.0,0.0,10.0,41.0,19.0,55.0
05/26/2024,61.0,PM2.5,146,7.0,0.0,6.0,27.0,20.0,61.0
05/27/2024,45.0,PM2.5,147,3.0,0.0,13.0,37.0,17.0,45.0
05/28/2024,42.0,O3,148,3.0,0.0,25.0,42.0,16.0,36.0
05/29/2024,48.0,O3,149,3.0,0.0,25.0,48.0,11.0,26.0
05/30/2024,48.0,O3,150,3.0,0.0,,48.0,9.0,24.0
05/31/2024,46.0,O3,151,7.0,0.0,27.0,46.0,12.0,38.0
06/01/2024,44.0,O3,152,2.0,0.0,2.0,44.0,13.0,41.0
06/02/2024,45.0,PM2.5,153,2.0,0.0,8.0,31.0,13.0,45.0
06/03/2024,41.0,PM2.5,154,2.0,0.0,8.0,38.0,13.0,41.0
06/04/2024,44.0,PM2.5,155,2.0,0.0,7.0,31.0,16.0,44.0
06/05/2024,44.0,PM2.5,156,2.0,0.0,9.0,32.0,17.0,44.0
06/06/2024,47.0,PM2.5,157,3.0,0.0,17.0,34.0,17.0,47.0
06/07/2024,48.0,O3,158,5.0,0.0,15.0,48.0,21.0,41.0
06/08/2024,48.0,O3,159,5.0,0.0,25.0,48.0,24.0,38.0
06/09/2024,53.0,PM2.5,160,7.0,0.0,20.0,42.0,19.0,53.0
06/10/2024,45.0,O3,161,3.0,0.0,,45.0,13.0,31.0
06/11/2024,43.0,O3,162,5.0,0.0,,43.0,14.0,35.0
06/12/2024,71.0,O3,163,5.0,0.0,19.0,71.0,16.0,56.0
06/13/2024,62.0,PM2.5,164,3.0,0.0,25.0,58.0,19.0,62.0
06/14/2024,70.0,PM2.5,165,7.0,0.0,39.0,61.0,23.0,70.0
06/15/2024,74.0,PM2.5,166,9.0,0.0,26.0,58.0,22.0,74.0
06/16/2024,61.0,PM2.5,167,3.0,0.0,8.0,48.0,17.0,61.0
06/17/2024,55.0,PM2.5,168,2.0,0.0,3.0,45.0,15.0,55.0
06/18/2024,52.0,PM2.5,169,2.0,0.0,5.0,39.0,16.0,52.0
06/19/2024,44.0,PM2.5,170,2.0,0.0,4.0,37.0,17.0,44.0
06/20/2024,52.0,PM2.5,171,2.0,0.0,23.0,39.0,17.0,52.0
06/21/2024,57.0,PM2.5,172,5.0,0.0,28.0,44.0,18.0,57.0
06/22/2024,53.0,PM2.5,173,7.0,0.0,24.0,42.0,14.0,53.0
06/23/2024,56.0,PM2.5,174,3.0,0.0,30.0,40.0,17.0,56.0
06/24/2024,56.0,PM2.5,175,6.0,0.0,26.0,50.0,17.0,56.0
06/25/2024,74.0,O3,176,3.0,0.0,42.0,74.0,13.0,52.0
06/26/2024,80.0,O3,177,6.0,0.0,36.0,80.0,19.0,58.0
06/27/2024,57.0,PM2.5,178,3.0,6.0,17.0,40.0,18.0,57.0
06/28/2024,44.0,PM2.5,179,3.0,0.0,7.0,37.0,14.0,44.0
06/29/2024,34.0,PM2.5,180,2.0,0.0,5.0,31.0,16.0,34.0
06/30/2024,55.0,PM2.5,181,2.0,0.0,9.0,41.0,19.0,55.0
07/01/2024,52.0,PM2.5,182,3.0,0.0,11.0,39.0,17.0,52.0
07/02/2024,49.0,O3,183,2.0,0.0,3.0,49.0,13.0,43.0
07/03/2024,44.0,O3,184,2.0,0.0,5.0,44.0,10.0,36.0
07/04/2024,60.0,PM2.5,185,2.0,0.0,9.0,29.0,15.0,60.0
07/05/2024,53.0,PM2.5,186,3.0,0.0,10.0,21.0,21.0,53.0
07/06/2024,35.0,O3,187,3.0,0.0,7.0,35.0,12.0,32.0
07/07/2024,51.0,O3,188,3.0,0.0,7.0,51.0,12.0,36.0
07/08/2024,50.0,O3,189,2.0,0.0,14.0,50.0,11.0,33.0
07/09/2024,34.0,PM2.5,190,3.0,0.0,9.0,22.0,15.0,34.0
07/10/2024,37.0,O3,191,2.0,1.0,26.0,37.0,11.0,22.0
07/11/2024,45.0,O3,192,5.0,0.0,33.0,45.0,11.0,39.0
07/12/2024,56.0,PM2.5,193,8.0,0.0,28.0,50.0,15.0,56.0
07/13/2024,77.0,O3,194,9.0,0.0,21.0,77.0,19.0,63.0
07/14/2024,64.0,PM2.5,195,7.0,4.0,23.0,54.0,20.0,64.0
07/15/2024,63.0,PM2.5,196,5.0,1.0,18.0,37.0,20.0,63.0
07/16/2024,52.0,PM2.5,197,3.0,0.0,17.0,30.0,15.0,52.0
07/17/2024,50.0,PM2.5,198,2.0,1.0,12.0,22.0,19.0,50.0
07/18/2024,43.0,PM2.5,199,2.0,0.0,9.0,,16.0,43.0
07/19/2024,39.0,PM2.5,200,3.0,0.0,10.0,31.0,16.0,39.0
07/20/2024,22.0,O3,201,2.0,0.0,8.0,22.0,10.0,21.0
07/21/2024,24.0,O3,202,1.0,0.0,2.0,24.0,11.0,22.0
07/22/2024,27.0,O3,203,2.0,0.0,10.0,27.0,13.0,
07/23/2024,31.0,O3,204,2.0,0.0,12.0,31.0,15.0,
07/24/2024,31.0,O3,205,2.0,0.0,11.0,31.0,12.0,
07/25/2024,21.0,O3,206,2.0,0.0,8.0,21.0,15.0,
07/26/2024,31.0,O3,207,2.0,0.0,8.0,31.0,15.0,
07/27/2024,36.0,O3,208,3.0,0.0,8.0,36.0,20.0,
07/28/2024,24.0,O3,209,5.0,0.0,9.0,24.0,20.0,
07/29/2024,26.0,O3,210,2.0,0.0,10.0,26.0,17.0,
07/30/2024,26.0,O3,211,2.0,0.0,11.0,26.0,20.0,
07/31/2024,31.0,O3,212,3.0,0.0,13.0,31.0,19.0,
08/01/2024,26.0,O3,213,3.0,0.0,8.0,26.0,23.0,
08/02/2024,64.0,PM10,214,3.0,0.0,15.0,33.0,64.0,
08/03/2024,63.0,PM2.5,215,3.0,0.0,13.0,44.0,32.0,63.0
08/04/2024,56.0,PM2.5,216,3.0,0.0,5.0,51.0,24.0,56.0
08/05/2024,30.0,O3,217,2.0,0.0,6.0,30.0,11.0,28.0
08/06/2024,43.0,O3,218,3.0,0.0,14.0,43.0,12.0,
08/07/2024,40.0,O3,219,3.0,0.0,12.0,40.0,18.0,
08/08/2024,38.0,O3,220,3.0,0.0,16.0,38.0,16.0,
08/09/2024,47.0,O3,221,3.0,0.0,10.0,47.0,15.0,
08/10/2024,41.0,O3,222,3.0,0.0,11.0,41.0,17.0,
08/11/2024,46.0,O3,223,3.0,1.0,13.0,46.0,16.0,
08/12/2024,51.0,O3,224,5.0,0.0,21.0,51.0,17.0,
08/13/2024,51.0,PM2.5,225,5.0,0.0,26.0,44.0,16.0,51.0
08/14/2024,54.0,PM2.5,226,3.0,0.0,8.0,43.0,17.0,54.0
08/15/2024,51.0,O3,227,3.0,0.0,7.0,51.0,17.0,
08/16/2024,52.0,PM2.5,228,3.0,0.0,10.0,37.0,19.0,52.0
08/17/2024,43.0,PM2.5,229,2.0,0.0,9.0,35.0,17.0,43.0
08/18/2024,37.0,O3,230,2.0,,,37.0,,
08/19/2024,37.0,PM2.5,231,5.0,0.0,12.0,36.0,18.0,37.0
08/20/2024,44.0,O3,232,3.0,0.0,9.0,44.0,14.0,
08/21/2024,47.0,O3,233,3.0,0.0,18.0,47.0,16.0,
08/22/2024,53.0,PM2.5,234,3.0,0.0,7.0,45.0,17.0,53.0
08/23/2024,50.0,O3,235,2.0,0.0,21.0,50.0,17.0,
08/24/2024,50.0,O3,236,3.0,0.0,27.0,50.0,19.0,
08/25/2024,55.0,PM2.5,237,8.0,0.0,29.0,47.0,19.0,55.0
08/26/2024,67.0,O3,238,9.0,0.0,28.0,67.0,19.0,
08/27/2024,64.0,O3,239,8.0,0.0,31.0,64.0,20.0,
08/28/2024,74.0,O3,240,8.0,1.0,33.0,74.0,21.0,59.0
08/29/2024,64.0,O3,241,6.0,0.0,21.0,64.0,19.0,
08/30/2024,44.0,O3,242,3.0,0.0,15.0,44.0,16.0,
08/31/2024,51.0,PM2.5,243,6.0,0.0,14.0,41.0,14.0,51.0
09/01/2024,30.0,O3,244,3.0,0.0,7.0,30.0,15.0,
09/02/2024,31.0,O3,245,3.0,0.0,14.0,31.0,16.0,
09/03/2024,45.0,PM2.5,246,3.0,0.0,6.0,43.0,14.0,45.0
09/04/2024,46.0,O3,247,2.0,0.0,8.0,46.0,12.0,
09/05/2024,39.0,O3,248,2.0,0.0,7.0,39.0,14.0,
09/06/2024,45.0,PM2.5,249,3.0,0.0,12.0,37.0,14.0,45.0
09/07/2024,36.0,O3,250,5.0,0.0,10.0,36.0,16.0,
09/08/2024,39.0,O3,251,3.0,0.0,7.0,39.0,9.0,
09/09/2024,47.0,PM2.5,252,5.0,0.0,27.0,43.0,13.0,47.0
09/10/2024,48.0,O3,253,7.0,0.0,,48.0,17.0,
09/11/2024,41.0,O3,254,5.0,0.0,,41.0,19.0,
09/12/2024,43.0,PM2.5,255,2.0,0.0,4.0,32.0,13.0,43.0
09/13/2024,23.0,O3,256,2.0,0.0,4.0,23.0,15.0,
09/14/2024,25.0,O3,257,2.0,0.0,3.0,25.0,8.0,
09/15/2024,39.0,PM2.5,258,2.0,0.0,5.0,27.0,13.0,39.0
09/16/2024,35.0,O3,259,2.0,0.0,8.0,35.0,15.0,
09/17/2024,33.0,O3,260,3.0,0.0,18.0,33.0,11.0,
09/18/2024,42.0,PM2.5,261,3.0,0.0,16.0,31.0,11.0,42.0
09/19/2024,30.0,O3,262,7.0,0.0,20.0,30.0,11.0,
09/20/2024,44.0,O3,263,9.0,0.0,23.0,44.0,14.0,
09/21/2024,58.0,O3,264,9.0,0.0,21.0,58.0,16.0,
09/22/2024,43.0,O3,265,8.0,0.0,19.0,43.0,18.0,
09/23/2024,41.0,O3,266,6.0,0.0,29.0,41.0,21.0,
09/24/2024,65.0,PM2.5,267,7.0,0.0,19.0,39.0,24.0,65.0
09/25/2024,28.0,O3,268,3.0,0.0,10.0,28.0,,
09/26/2024,19.0,O3,269,2.0,0.0,13.0,19.0,,
09/27/2024,31.0,O3,270,3.0,0.0,,31.0,,20.0
09/28/2024,39.0,PM2.5,271,2.0,0.0,6.0,25.0,,39.0
09/29/2024,36.0,PM2.5,272,5.0,0.0,15.0,26.0,,36.0
09/30/2024,64.0,PM2.5,273,7.0,0.0,16.0,21.0,,64.0
10/01/2024,28.0,O3,274,6.0,0.0,16.0,28.0,,
10/02/2024,36.0,O3,275,5.0,0.0,15.0,36.0,13.0,
10/03/2024,58.0,PM2.5,276,8.0,0.0,9.0,37.0,19.0,58.0
10/04/2024,33.0,O3,277,5.0,0.0,11.0,33.0,19.0,
10/05/2024,39.0,O3,278,8.0,0.0,12.0,39.0,17.0,
10/06/2024,58.0,PM2.5,279,8.0,0.0,22.0,41.0,20.0,58.0
10/07/2024,44.0,O3,280,9.0,0.0,17.0,44.0,25.0,
10/08/2024,44.0,O3,281,5.0,0.0,19.0,44.0,25.0,
10/09/2024,60.0,PM2.5,282,5.0,0.0,21.0,45.0,25.0,60.0
10/10/2024,42.0,O3,283,6.0,0.0,26.0,42.0,19.0,
10/11/2024,43.0,O3,284,8.0,0.0,29.0,43.0,14.0,
10/12/2024,56.0,PM2.5,285,11.0,0.0,32.0,45.0,19.0,56.0
10/13/2024,43.0,O3,286,9.0,0.0,13.0,43.0,25.0,
10/14/2024,34.0,O3,287,3.0,0.0,24.0,34.0,24.0,
10/15/2024,38.0,PM2.5,288,3.0,0.0,25.0,29.0,13.0,38.0
10/16/2024,28.0,O3,289,2.0,0.0,13.0,28.0,6.0,
10/17/2024,31.0,O3,290,7.0,0.0,29.0,31.0,8.0,
10/18/2024,49.0,PM2.5,291,9.0,0.0,25.0,39.0,11.0,49.0
10/19/2024,38.0,O3,292,9.0,0.0,26.0,38.0,13.0,
10/20/2024,37.0,O3,293,10.0,0.0,25.0,37.0,14.0,
10/21/2024,53.0,PM2.5,294,10.0,0.0,29.0,41.0,15.0,53.0
10/22/2024,41.0,O3,295,9.0,0.0,20.0,41.0,17.0,
10/23/2024,35.0,O3,296,9.0,0.0,25.0,35.0,19.0,
10/24/2024,55.0,PM2.5,297,7.0,0.0,27.0,37.0,19.0,55.0
10/25/2024,44.0,O3,298,9.0,0.0,25.0,44.0,23.0,
10/26/2024,38.0,O3,299,13.0,0.0,23.0,38.0,27.0,
10/27/2024,59.0,PM2.5,300,8.0,0.0,14.0,28.0,22.0,59.0
10/28/2024,27.0,O3,301,3.0,0.0,7.0,27.0,19.0,
10/29/2024,39.0,O3,302,3.0,0.0,11.0,39.0,16.0,
10/30/2024,45.0,PM2.5,303,3.0,0.0,9.0,29.0,16.0,45.0
10/31/2024,19.0,PM10,304,3.0,0.0,13.0,,19.0,
11/01/2024,19.0,PM10,305,5.0,0.0,17.0,,19.0,
11/02/2024,54.0,PM2.5,306,7.0,0.0,16.0,,16.0,54.0
11/03/2024,20.0,PM10,307,9.0,0.0,7.0,,20.0,
11/04/2024,16.0,PM10,308,3.0,0.0,7.0,,16.0,
11/05/2024,18.0,PM10,309,3.0,0.0,6.0,,18.0,
11/06/2024,41.0,PM2.5,310,3.0,0.0,,,16.0,41.0
11/07/2024,9.0,PM10,311,3.0,0.0,8.0,,9.0,
11/08/2024,44.0,PM2.5,312,5.0,0.0,8.0,,11.0,44.0
11/09/2024,18.0,PM10,313,9.0,0.0,5.0,,18.0,
11/10/2024,10.0,PM10,314,3.0,0.0,7.0,,10.0,
11/11/2024,43.0,PM2.5,315,5.0,0.0,14.0,,12.0,43.0
11/12/2024,21.0,NO2,316,6.0,0.0,21.0,,15.0,
11/13/2024,12.0,PM10,317,7.0,0.0,8.0,,12.0,
11/14/2024,38.0,PM2.5,318,3.0,0.0,13.0,,11.0,38.0
11/15/2024,13.0,NO2,319,3.0,0.0,13.0,,10.0,
11/16/2024,24.0,NO2,320,8.0,0.0,24.0,,14.0,
11/17/2024,79.0,PM2.5,321,14.0,1.0,24.0,,21.0,79.0
11/18/2024,26.0,NO2,322,11.0,0.0,26.0,,19.0,
11/19/2024,17.0,NO2,323,6.0,0.0,17.0,,16.0,
11/20/2024,24.0,PM2.5,324,2.0,0.0,10.0,,10.0,24.0
11/21/2024,22.0,NO2,325,2.0,0.0,22.0,,8.0,
11/22/2024,13.0,NO2,326,2.0,0.0,13.0,,6.0,
11/23/2024,28.0,PM2.5,327,3.0,0.0,16.0,,7.0,28.0
11/24/2024,25.0,NO2,328,7.0,0.0,25.0,,13.0,
11/25/2024,24.0,NO2,329,11.0,0.0,24.0,,15.0,
11/26/2024,52.0,PM2.5,330,7.0,0.0,17.0,,15.0,52.0
11/27/2024,18.0,PM10,331,7.0,0.0,13.0,,18.0,
11/28/2024,10.0,PM10,332,3.0,0.0,6.0,,10.0,
11/29/2024,36.0,PM2.5,333,2.0,0.0,8.0,,10.0,36.0
11/30/2024,25.0,NO2,334,5.0,0.0,25.0,,7.0,
12/01/2024,25.0,NO2,335,9.0,0.0,25.0,,14.0,
12/02/2024,36.0,PM2.5,336,6.0,1.0,29.0,,10.0,36.0
12/03/2024,27.0,NO2,337,5.0,0.0,27.0,,12.0,
12/04/2024,27.0,NO2,338,6.0,1.0,27.0,,21.0,
12/05/2024,46.0,PM2.5,339,2.0,0.0,9.0,,15.0,46.0
12/06/2024,21.0,NO2,340,2.0,0.0,21.0,,12.0,
12/07/2024,29.0,NO2,341,6.0,1.0,29.0,,10.0,
12/08/2024,57.0,PM2.5,342,9.0,0.0,22.0,,19.0,57.0
12/09/2024,18.0,NO2,343,5.0,0.0,18.0,,18.0,
12/10/2024,9.0,PM10,344,2.0,0.0,7.0,,9.0,
12/11/2024,19.0,PM2.5,345,2.0,0.0,,,7.0,19.0
12/12/2024,30.0,NO2,346,7.0,0.0,30.0,,8.0,
12/13/2024,24.0,NO2,347,14.0,1.0,24.0,,13.0,
12/14/2024,36.0,PM2.5,348,3.0,0.0,16.0,,10.0,36.0
12/15/2024,14.0,PM10,349,2.0,0.0,5.0,,14.0,
12/16/2024,19.0,NO2,350,6.0,0.0,19.0,,19.0,
12/17/2024,58.0,PM2.5,351,6.0,0.0,23.0,,17.0,58.0
12/18/2024,18.0,NO2,352,10.0,0.0,18.0,,16.0,
12/19/2024,23.0,NO2,353,5.0,0.0,23.0,,9.0,
12/20/2024,36.0,PM2.5,354,6.0,0.0,14.0,,13.0,36.0
12/21/2024,10.0,PM10,355,2.0,0.0,8.0,,10.0,
12/22/2024,23.0,NO2,356,6.0,0.0,23.0,,9.0,
12/23/2024,47.0,PM2.5,357,9.0,1.0,27.0,,12.0,47.0
12/24/2024,34.0,NO2,358,9.0,0.0,34.0,,16.0,
12/25/2024,21.0,NO2,359,14.0,0.0,21.0,,19.0,
12/26/2024,46.0,PM2.5,360,3.0,0.0,6.0,,11.0,46.0
12/27/2024,14.0,PM10,361,3.0,0.0,4.0,,14.0,
12/28/2024,8.0,NO2,362,3.0,0.0,8.0,,7.0,
12/29/2024,17.0,NO2,363,5.0,0.0,17.0,,7.0,17.0
12/30/2024,22.0,NO2,364,7.0,0.0,22.0,,12.0,
12/31/2024,13.0,NO2,365,8.0,0.0,13.0,,12.0,
01/01/2025,18.0,PM2.5,0,2.0,0.0,7.0,,5.0,18.0
01/02/2025,27.0,NO2,1,5.0,0.0,27.0,,7.0,
01/03/2025,24.0,NO2,2,7.0,0.0,24.0,,10.0,
01/04/2025,28.0,NO2,3,5.0,1.0,28.0,,6.0,22.0
01/05/2025,25.0,NO2,4,8.0,0.0,25.0,,11.0,
01/06/2025,8.0,NO2,5,2.0,0.0,8.0,,6.0,
01/07/2025,29.0,PM2.5,6,2.0,0.0,11.0,,6.0,29.0
01/08/2025,10.0,NO2,7,2.0,1.0,10.0,,8.0,
01/09/2025,24.0,NO2,8,2.0,0.0,24.0,,12.0,
01/10/2025,53.0,PM2.5,9,3.0,0.0,,,12.0,53.0
01/11/2025,16.0,NO2,10,3.0,0.0,16.0,,6.0,
01/12/2025,26.0,NO2,11,6.0,0.0,26.0,,13.0,
01/13/2025,55.0,PM2.5,12,9.0,3.0,23.0,,12.0,55.0
01/14/2025,34.0,NO2,13,2.0,1.0,34.0,,9.0,
01/15/2025,32.0,NO2,14,5.0,1.0,32.0,,11.0,
01/16/2025,46.0,PM2.5,15,9.0,1.0,37.0,,14.0,46.0
01/17/2025,28.0,NO2,16,6.0,0.0,28.0,,12.0,
01/18/2025,24.0,NO2,17,3.0,0.0,24.0,,15.0,
01/19/2025,51.0,PM2.5,18,3.0,0.0,12.0,,19.0,51.0
01/20/2025,8.0,NO2,19,1.0,0.0,8.0,,6.0,
01/21/2025,20.0,NO2,20,2.0,0.0,20.0,,9.0,
01/22/2025,53.0,PM2.5,21,3.0,0.0,31.0,,12.0,53.0
01/23/2025,17.0,PM10,22,7.0,0.0,,,17.0,
01/24/2025,15.0,PM10,23,7.0,1.0,,,15.0,
01/25/2025,52.0,PM2.5,24,8.0,1.0,,,14.0,52.0
01/26/2025,15.0,PM10,25,10.0,0.0,,,15.0,
01/27/2025,12.0,PM10,26,7.0,0.0,,,12.0,
01/28/2025,47.0,PM2.5,27,3.0,0.0,,,13.0,47.0
01/29/2025,15.0,PM10,28,5.0,0.0,,,15.0,
01/30/2025,19.0,PM10,29,8.0,0.0,,,19.0,
01/31/2025,32.0,PM2.5,30,3.0,0.0,,,12.0,32.0
02/01/2025,17.0,PM10,31,5.0,0.0,,,17.0,
02/02/2025,24.0,PM10,32,11.0,0.0,,,24.0,
02/03/2025,60.0,PM2.5,33,10.0,1.0,,,28.0,60.0
02/04/2025,19.0,PM10,34,6.0,0.0,,,19.0,
02/05/2025,23.0,PM10,35,6.0,0.0,,,23.0,
02/06/2025,56.0,PM2.5,36,5.0,0.0,,,19.0,56.0
02/07/2025,13.0,PM10,37,6.0,0.0,,,13.0,
02/08/2025,15.0,PM10,38,9.0,0.0,,,15.0,
02/09/2025,51.0,PM2.5,39,2.0,0.0,,,15.0,51.0
02/10/2025,10.0,PM10,40,3.0,0.0,,,10.0,
02/11/2025,6.0,PM10,41,2.0,0.0,,,6.0,
02/12/2025,7.0,PM2.5,42,3.0,0.0,,,3.0,7.0
02/13/2025,7.0,PM10,43,3.0,0.0,,,7.0,
02/14/2025,9.0,PM10,44,3.0,0.0,,,9.0,
02/15/2025,35.0,PM2.5,45,2.0,0.0,6.0,,8.0,35.0
02/16/2025,7.0,PM10,46,2.0,1.0,3.0,,7.0,
02/17/2025,18.0,NO2,47,2.0,0.0,18.0,,8.0,
02/18/2025,49.0,PM2.5,48,6.0,,28.0,,12.0,49.0
02/19/2025,25.0,NO2,49,6.0,0.0,25.0,,14.0,
02/20/2025,10.0,PM10,50,2.0,0.0,6.0,,10.0,
02/21/2025,30.0,NO2,51,5.0,0.0,30.0,,9.0,
02/22/2025,30.0,NO2,52,9.0,0.0,30.0,,13.0,
02/23/2025,27.0,NO2,53,7.0,1.0,27.0,,16.0,
02/24/2025,59.0,PM2.5,54,7.0,1.0,38.0,,17.0,59.0
02/25/2025,39.0,NO2,55,10.0,1.0,39.0,,22.0,
02/26/2025,41.0,NO2,56,8.0,0.0,41.0,,19.0,
02/27/2025,64.0,PM2.5,57,9.0,1.0,37.0,,23.0,64.0
02/28/2025,40.0,NO2,58,5.0,0.0,40.0,,11.0,
03/01/2025,41.0,O3,59,7.0,0.0,37.0,41.0,19.0,
03/02/2025,36.0,O3,60,3.0,0.0,30.0,36.0,8.0,28.0
03/03/2025,37.0,O3,61,7.0,0.0,31.0,37.0,16.0,
03/04/2025,35.0,NO2,62,5.0,0.0,35.0,34.0,19.0,
03/05/2025,31.0,PM2.5,63,2.0,0.0,5.0,27.0,18.0,31.0
03/06/2025,33.0,O3,64,2.0,0.0,11.0,33.0,6.0,
03/07/2025,38.0,NO2,65,3.0,0.0,38.0,36.0,11.0,
03/08/2025,45.0,PM2.5,66,3.0,0.0,8.0,38.0,17.0,45.0
03/09/2025,31.0,O3,67,2.0,0.0,8.0,31.0,8.0,
03/10/2025,32.0,O3,68,3.0,0.0,14.0,32.0,8.0,
03/11/2025,46.0,NO2,69,7.0,0.0,46.0,44.0,16.0,44.0
03/12/2025,51.0,NO2,70,9.0,1.0,51.0,49.0,23.0,
03/13/2025,38.0,NO2,71,8.0,0.0,38.0,33.0,24.0,
03/14/2025,51.0,PM2.5,72,8.0,0.0,16.0,36.0,19.0,51.0
03/15/2025,35.0,O3,73,2.0,0.0,3.0,35.0,19.0,
03/16/2025,38.0,O3,74,2.0,0.0,3.0,38.0,29.0,
03/17/2025,35.0,O3,75,3.0,0.0,30.0,35.0,6.0,20.0
03/18/2025,42.0,O3,76,7.0,0.0,37.0,42.0,15.0,
03/19/2025,39.0,O3,77,8.0,3.0,32.0,39.0,23.0,
03/20/2025,26.0,O3,78,2.0,0.0,8.0,26.0,12.0,24.0
03/21/2025,39.0,O3,79,5.0,0.0,30.0,39.0,7.0,
03/22/2025,43.0,O3,80,7.0,0.0,31.0,43.0,19.0,
03/23/2025,56.0,PM2.5,81,8.0,0.0,30.0,47.0,19.0,56.0
03/24/2025,34.0,O3,82,3.0,0.0,27.0,34.0,17.0,
03/25/2025,40.0,O3,83,7.0,1.0,28.0,40.0,13.0,
03/26/2025,42.0,O3,84,5.0,0.0,36.0,42.0,12.0,33.0
03/27/2025,44.0,O3,85,7.0,0.0,40.0,44.0,17.0,
03/28/2025,50.0,O3,86,8.0,0.0,32.0,50.0,29.0,
03/29/2025,54.0,PM2.5,87,3.0,0.0,12.0,36.0,24.0,54.0
03/30/2025,26.0,O3,88,2.0,0.0,2.0,26.0,19.0,
03/31/2025,29.0,O3,89,2.0,0.0,18.0,29.0,9.0,
04/01/2025,34.0,O3,90,3.0,0.0,27.0,34.0,11.0,32.0
04/02/2025,27.0,NO2,91,6.0,0.0,27.0,19.0,17.0,
04/03/2025,26.0,O3,92,2.0,0.0,10.0,26.0,17.0,
04/04/2025,57.0,PM2.5,93,2.0,0.0,10.0,28.0,19.0,57.0
04/05/2025,32.0,O3,94,2.0,0.0,,32.0,17.0,
04/06/2025,28.0,O3,95,2.0,0.0,,28.0,12.0,
04/07/2025,19.0,O3,96,2.0,0.0,,19.0,7.0,19.0
04/08/2025,44.0,O3,97,2.0,0.0,,44.0,9.0,
04/09/2025,45.0,O3,98,3.0,0.0,,45.0,9.0,
04/10/2025,57.0,PM2.5,99,8.0,0.0,,46.0,18.0,57.0
04/11/2025,33.0,O3,100,3.0,0.0,,33.0,12.0,
04/12/2025,40.0,O3,101,2.0,0.0,,40.0,9.0,
04/13/2025,42.0,PM2.5,102,5.0,0.0,,41.0,9.0,42.0
04/14/2025,45.0,O3,103,6.0,0.0,,45.0,19.0,
04/15/2025,43.0,O3,104,2.0,0.0,,43.0,18.0,
04/16/2025,49.0,PM2.5,105,3.0,1.0,,43.0,16.0,49.0
04/17/2025,58.0,O3,106,7.0,0.0,,58.0,21.0,
04/18/2025,54.0,O3,107,5.0,0.0,25.0,54.0,28.0,
04/19/2025,63.0,PM2.5,108,6.0,0.0,25.0,44.0,24.0,63.0
04/20/2025,37.0,O3,109,7.0,0.0,17.0,37.0,19.0,
04/21/2025,35.0,O3,110,2.0,0.0,19.0,35.0,19.0,
04/22/2025,52.0,PM2.5,111,3.0,0.0,19.0,27.0,16.0,52.0
04/23/2025,39.0,O3,112,3.0,0.0,8.0,39.0,15.0,
04/24/2025,24.0,O3,113,2.0,0.0,8.0,24.0,15.0,
04/25/2025,54.0,PM2.5,114,2.0,0.0,7.0,32.0,26.0,54.0
04/26/2025,32.0,O3,115,3.0,0.0,19.0,32.0,19.0,
04/27/2025,38.0,O3,116,7.0,0.0,10.0,38.0,17.0,
04/28/2025,54.0,PM2.5,117,2.0,0.0,9.0,40.0,15.0,54.0
04/29/2025,37.0,O3,118,3.0,0.0,20.0,37.0,16.0,
04/30/2025,33.0,O3,119,5.0,0.0,10.0,33.0,22.0,
05/01/2025,54.0,PM2.5,120,3.0,0.0,19.0,33.0,21.0,54.0
05/02/2025,34.0,O3,121,3.0,0.0,20.0,34.0,18.0,
05/03/2025,30.0,O3,122,2.0,0.0,6.0,30.0,13.0,
05/04/2025,30.0,O3,123,3.0,0.0,15.0,30.0,9.0,23.0
05/05/2025,34.0,O3,124,5.0,0.0,28.0,34.0,9.0,
05/06/2025,39.0,O3,125,9.0,0.0,31.0,39.0,12.0,
05/07/2025,52.0,PM2.5,126,7.0,0.0,21.0,26.0,14.0,52.0
05/08/2025,36.0,O3,127,3.0,0.0,22.0,36.0,19.0,
05/09/2025,38.0,O3,128,5.0,0.0,20.0,38.0,14.0,
05/10/2025,31.0,PM2.5,129,3.0,0.0,10.0,28.0,13.0,31.0
05/11/2025,23.0,O3,130,2.0,0.0,4.0,23.0,10.0,
05/12/2025,32.0,O3,131,2.0,0.0,5.0,32.0,9.0,
05/13/2025,33.0,O3,132,3.0,0.0,9.0,33.0,15.0,33.0
05/14/2025,34.0,O3,133,3.0,0.0,13.0,34.0,15.0,
05/15/2025,31.0,O3,134,3.0,0.0,11.0,31.0,17.0,
05/16/2025,52.0,PM2.5,135,3.0,0.0,11.0,25.0,18.0,52.0
05/17/2025,31.0,O3,136,3.0,0.0,14.0,31.0,17.0,
05/18/2025,36.0,O3,137,3.0,0.0,8.0,36.0,18.0,
05/19/2025,53.0,PM2.5,138,5.0,0.0,12.0,22.0,19.0,53.0
05/20/2025,23.0,O3,139,5.0,0.0,11.0,23.0,21.0,
05/21/2025,36.0,O3,140,2.0,0.0,12.0,36.0,16.0,
05/22/2025,41.0,O3,141,3.0,0.0,21.0,41.0,12.0,31.0
05/23/2025,40.0,O3,142,3.0,0.0,25.0,40.0,11.0,
05/24/2025,35.0,O3,143,6.0,0.0,23.0,35.0,12.0,
05/25/2025,53.0,PM2.5,144,3.0,0.0,8.0,33.0,14.0,53.0
05/26/2025,38.0,O3,145,2.0,0.0,5.0,38.0,14.0,
05/27/2025,13.0,O3,146,2.0,0.0,6.0,13.0,9.0,
05/28/2025,31.0,O3,147,3.0,0.0,5.0,31.0,11.0,22.0
05/29/2025,27.0,O3,148,6.0,0.0,13.0,27.0,18.0,
05/30/2025,35.0,O3,149,3.0,0.0,15.0,35.0,,
05/31/2025,54.0,PM2.5,150,3.0,0.0,,43.0,,54.0
06/01/2025,44.0,O3,151,5.0,1.0,23.0,44.0,26.0,
06/02/2025,45.0,O3,152,6.0,0.0,25.0,45.0,,
06/03/2025,74.0,PM2.5,153,7.0,0.0,21.0,47.0,32.0,74.0
06/04/2025,37.0,O3,154,3.0,0.0,5.0,37.0,23.0,
06/05/2025,28.0,O3,155,3.0,0.0,8.0,28.0,21.0,
06/06/2025,50.0,PM2.5,156,6.0,0.0,17.0,34.0,20.0,50.0
06/07/2025,28.0,O3,157,2.0,0.0,7.0,28.0,20.0,
06/08/2025,32.0,O3,158,2.0,0.0,12.0,32.0,19.0,
06/09/2025,30.0,O3,159,3.0,0.0,12.0,30.0,14.0,28.0
06/10/2025,29.0,O3,160,2.0,0.0,19.0,29.0,19.0,
06/11/2025,47.0,O3,161,3.0,0.0,12.0,47.0,17.0,
06/12/2025,33.0,PM2.5,162,5.0,0.0,7.0,30.0,19.0,33.0
06/13/2025,21.0,O3,163,5.0,0.0,4.0,21.0,19.0,
06/14/2025,23.0,PM10,164,2.0,0.0,6.0,21.0,23.0,
06/15/2025,37.0,PM2.5,165,2.0,0.0,4.0,23.0,18.0,37.0
06/16/2025,28.0,O3,166,2.0,0.0,15.0,28.0,14.0,
06/17/2025,19.0,O3,167,2.0,0.0,,19.0,17.0,
06/18/2025,31.0,PM2.5,168,2.0,0.0,,20.0,17.0,31.0
06/19/2025,42.0,O3,169,2.0,0.0,15.0,42.0,15.0,
06/20/2025,40.0,O3,170,5.0,0.0,26.0,40.0,14.0,
06/21/2025,56.0,PM2.5,171,9.0,0.0,15.0,40.0,20.0,56.0
06/22/2025,44.0,O3,172,8.0,0.0,10.0,44.0,22.0,
06/23/2025,47.0,O3,173,6.0,0.0,10.0,47.0,21.0,
06/24/2025,64.0,PM2.5,174,7.0,0.0,21.0,46.0,24.0,64.0
06/25/2025,49.0,O3,175,8.0,0.0,20.0,49.0,29.0,
06/26/2025,37.0,O3,176,5.0,0.0,22.0,37.0,14.0,
06/27/2025,19.0,PM10,177,5.0,0.0,13.0,,19.0,
06/28/2025,16.0,PM10,178,2.0,0.0,12.0,,16.0,
06/29/2025,19.0,PM10,179,3.0,0.0,8.0,,19.0,
06/30/2025,43.0,PM2.5,180,3.0,0.0,13.0,34.0,19.0,43.0
07/01/2025,28.0,O3,181,2.0,0.0,12.0,28.0,19.0,
07/02/2025,43.0,O3,182,3.0,0.0,19.0,43.0,18.0,
07/03/2025,43.0,O3,183,5.0,0.0,20.0,43.0,18.0,
07/04/2025,60.0,PM2.5,184,5.0,0.0,19.0,45.0,21.0,60.0
07/05/2025,66.0,PM2.5,185,6.0,0.0,30.0,44.0,30.0,66.0
07/06/2025,61.0,PM2.5,186,8.0,0.0,23.0,45.0,22.0,61.0
07/07/2025,38.0,O3,187,6.0,1.0,25.0,38.0,22.0,
07/08/2025,33.0,O3,188,7.0,0.0,17.0,33.0,23.0,
07/09/2025,55.0,PM2.5,189,5.0,0.0,15.0,33.0,19.0,55.0
07/10/2025,26.0,O3,190,2.0,0.0,11.0,26.0,14.0,
07/11/2025,30.0,O3,191,2.0,0.0,14.0,30.0,16.0,
07/12/2025,52.0,PM2.5,192,3.0,0.0,13.0,31.0,21.0,52.0
07/13/2025,28.0,O3,193,6.0,0.0,8.0,28.0,26.0,
07/14/2025,31.0,O3,194,3.0,0.0,19.0,31.0,17.0,
07/15/2025,47.0,PM2.5,195,5.0,0.0,19.0,39.0,18.0,47.0
07/16/2025,42.0,O3,196,3.0,0.0,10.0,42.0,19.0,
07/17/2025,33.0,O3,197,2.0,0.0,5.0,33.0,15.0,
07/18/2025,30.0,O3,198,2.0,0.0,8.0,30.0,15.0,29.0
07/19/2025,24.0,O3,199,2.0,0.0,13.0,24.0,18.0,
07/20/2025,28.0,O3,200,3.0,0.0,11.0,28.0,17.0,
07/21/2025,53.0,PM2.5,201,3.0,0.0,13.0,27.0,27.0,53.0
07/22/2025,31.0,O3,202,3.0,0.0,10.0,31.0,20.0,
07/23/2025,36.0,O3,203,2.0,0.0,7.0,36.0,15.0,
07/24/2025,40.0,PM2.5,204,3.0,0.0,8.0,38.0,16.0,40.0
07/25/2025,33.0,O3,205,2.0,0.0,8.0,33.0,11.0,
07/26/2025,23.0,O3,206,2.0,0.0,8.0,23.0,10.0,
07/27/2025,28.0,O3,207,2.0,3.0,9.0,28.0,9.0,26.0
07/28/2025,35.0,O3,208,2.0,0.0,18.0,35.0,12.0,
07/29/2025,35.0,O3,209,3.0,0.0,17.0,35.0,13.0,
07/30/2025,54.0,O3,210,2.0,0.0,14.0,54.0,11.0,
07/31/2025,34.0,O3,211,3.0,0.0,16.0,34.0,17.0,
08/01/2025,39.0,O3,212,3.0,0.0,16.0,39.0,19.0,
08/02/2025,30.0,O3,213,3.0,0.0,8.0,30.0,16.0,
08/03/2025,26.0,O3,214,2.0,0.0,2.0,26.0,9.0,
08/04/2025,26.0,O3,215,2.0,0.0,6.0,26.0,8.0,
08/05/2025,24.0,O3,216,2.0,0.0,8.0,24.0,8.0,14.0
08/06/2025,34.0,O3,217,2.0,0.0,6.0,34.0,13.0,26.0
08/07/2025,33.0,O3,218,2.0,0.0,5.0,33.0,13.0,
08/08/2025,42.0,PM2.5,219,3.0,0.0,6.0,32.0,15.0,42.0
08/09/2025,56.0,PM2.5,220,3.0,0.0,3.0,32.0,21.0,56.0
08/10/2025,48.0,PM2.5,221,2.0,0.0,3.0,24.0,16.0,48.0
08/11/2025,21.0,O3,222,2.0,0.0,8.0,21.0,8.0,19.0
08/12/2025,24.0,O3,223,2.0,0.0,4.0,24.0,12.0,
08/13/2025,23.0,O3,224,2.0,0.0,8.0,23.0,16.0,
08/14/2025,32.0,O3,225,5.0,0.0,18.0,32.0,15.0,32.0
08/15/2025,37.0,O3,226,6.0,0.0,12.0,37.0,19.0,
08/16/2025,43.0,O3,227,3.0,0.0,9.0,43.0,18.0,
08/17/2025,53.0,PM2.5,228,5.0,0.0,15.0,41.0,20.0,53.0
08/18/2025,45.0,O3,229,7.0,0.0,17.0,45.0,19.0,
08/19/2025,37.0,O3,230,6.0,0.0,13.0,37.0,22.0,
08/20/2025,54.0,PM2.5,231,3.0,0.0,8.0,43.0,20.0,54.0
08/21/2025,39.0,O3,232,5.0,0.0,10.0,39.0,17.0,
08/22/2025,40.0,O3,233,2.0,0.0,6.0,40.0,12.0,
08/23/2025,23.0,O3,234,2.0,0.0,4.0,23.0,10.0,21.0
08/24/2025,35.0,O3,235,3.0,0.0,16.0,35.0,14.0,
08/25/2025,41.0,O3,236,5.0,0.0,10.0,41.0,16.0,
08/26/2025,42.0,O3,237,3.0,0.0,22.0,42.0,14.0,37.0
08/27/2025,44.0,O3,238,3.0,0.0,24.0,44.0,11.0,
08/28/2025,47.0,O3,239,7.0,0.0,29.0,47.0,17.0,
08/29/2025,58.0,O3,240,6.0,0.0,20.0,58.0,16.0,52.0
08/30/2025,42.0,O3,241,5.0,0.0,10.0,42.0,14.0,
08/31/2025,41.0,O3,242,6.0,0.0,8.0,41.0,14.0,
09/01/2025,49.0,PM2.5,243,3.0,0.0,9.0,41.0,14.0,49.0
09/02/2025,48.0,O3,244,3.0,0.0,13.0,48.0,12.0,
09/03/2025,43.0,O3,245,5.0,0.0,10.0,43.0,16.0,
09/04/2025,58.0,PM2.5,246,5.0,0.0,24.0,36.0,20.0,58.0
09/05/2025,38.0,O3,247,3.0,0.0,14.0,38.0,21.0,
09/06/2025,32.0,O3,248,5.0,0.0,9.0,32.0,19.0,
09/07/2025,36.0,PM2.5,249,3.0,0.0,8.0,32.0,14.0,36.0
09/08/2025,41.0,O3,250,2.0,0.0,4.0,41.0,14.0,
09/09/2025,41.0,O3,251,2.0,0.0,,41.0,13.0,
09/10/2025,45.0,PM2.5,252,3.0,0.0,25.0,44.0,13.0,45.0
09/11/2025,43.0,O3,253,7.0,0.0,19.0,43.0,21.0,
09/12/2025,51.0,O3,254,7.0,0.0,16.0,51.0,17.0,
09/13/2025,52.0,PM2.5,255,6.0,0.0,23.0,47.0,16.0,52.0
09/14/2025,47.0,O3,256,8.0,0.0,20.0,47.0,16.0,
09/15/2025,67.0,O3,257,8.0,0.0,25.0,67.0,21.0,
09/16/2025,61.0,O3,258,6.0,0.0,18.0,61.0,20.0,56.0
09/17/2025,54.0,O3,259,7.0,0.0,22.0,54.0,25.0,
09/18/2025,54.0,O3,260,5.0,1.0,25.0,54.0,23.0,
09/19/2025,74.0,O3,261,7.0,,,74.0,21.0,63.0
09/20/2025,64.0,O3,262,,,,64.0,20.0,
09/21/2025,45.0,O3,263,,,,45.0,18.0,
09/22/2025,55.0,PM2.5,264,2.0,,,48.0,17.0,55.0
09/23/2025,37.0,O3,265,5.0,0.0,15.0,37.0,18.0,
09/24/2025,31.0,O3,266,6.0,0.0,19.0,31.0,18.0,
09/25/2025,26.0,PM2.5,267,2.0,0.0,8.0,23.0,9.0,26.0
09/26/2025,31.0,O3,268,2.0,0.0,9.0,31.0,13.0,
09/27/2025,35.0,O3,269,3.0,0.0,10.0,35.0,13.0,
09/28/2025,36.0,O3,270,5.0,0.0,19.0,36.0,10.0,33.0
09/29/2025,32.0,O3,271,3.0,0.0,7.0,32.0,9.0,
09/30/2025,22.0,O3,272,2.0,0.0,7.0,22.0,6.0,
10/01/2025,41.0,PM2.5,273,3.0,0.0,24.0,40.0,15.0,41.0
10/02/2025,42.0,O3,274,3.0,0.0,23.0,42.0,17.0,
10/03/2025,34.0,O3,275,2.0,0.0,10.0,34.0,13.0,
10/04/2025,38.0,PM2.5,276,2.0,0.0,9.0,31.0,11.0,38.0
10/05/2025,24.0,O3,277,2.0,0.0,2.0,24.0,7.0,
10/06/2025,19.0,O3,278,1.0,0.0,4.0,19.0,8.0,
10/07/2025,36.0,PM2.5,279,3.0,0.0,12.0,26.0,12.0,36.0
10/08/2025,28.0,O3,280,5.0,0.0,17.0,28.0,12.0,
10/09/2025,33.0,O3,281,3.0,0.0,11.0,33.0,12.0,
10/10/2025,35.0,O3,282,2.0,0.0,7.0,35.0,12.0,31.0
10/11/2025,35.0,O3,283,5.0,0.0,24.0,35.0,11.0,
10/12/2025,34.0,O3,284,7.0,0.0,30.0,34.0,12.0,
10/13/2025,52.0,PM2.5,285,7.0,0.0,29.0,36.0,13.0,52.0
10/14/2025,40.0,O3,286,6.0,0.0,30.0,40.0,11.0,
10/15/2025,46.0,O3,287,6.0,0.0,28.0,46.0,13.0,
10/16/2025,45.0,O3,288,6.0,0.0,27.0,45.0,13.0,41.0
10/17/2025,44.0,O3,289,7.0,0.0,21.0,44.0,17.0,
10/18/2025,35.0,O3,290,5.0,0.0,21.0,35.0,19.0,
10/19/2025,33.0,O3,291,2.0,0.0,7.0,33.0,11.0,29.0
10/20/2025,35.0,O3,292,5.0,0.0,30.0,35.0,9.0,
10/21/2025,32.0,O3,293,8.0,1.0,24.0,32.0,17.0,
10/22/2025,32.0,O3,294,2.0,0.0,25.0,32.0,11.0,
10/23/2025,36.0,O3,295,5.0,0.0,29.0,36.0,16.0,
10/24/2025,33.0,O3,296,7.0,0.0,26.0,33.0,16.0,
10/25/2025,42.0,O3,297,7.0,0.0,20.0,42.0,11.0,
10/26/2025,28.0,O3,298,2.0,0.0,4.0,28.0,10.0,
10/27/2025,19.0,O3,299,2.0,0.0,7.0,19.0,4.0,
10/28/2025,24.0,O3,300,2.0,0.0,7.0,24.0,4.0,14.0
10/29/2025,13.0,NO2,301,2.0,0.0,13.0,12.0,4.0,9.0
10/30/2025,18.0,O3,302,2.0,0.0,8.0,18.0,6.0,
10/31/2025,29.0,O3,303,5.0,0.0,18.0,29.0,9.0,29.0
11/01/2025,46.0,PM2.5,304,7.0,0.0,18.0,,11.0,46.0
11/02/2025,12.0,PM10,305,10.0,0.0,9.0,,12.0,
11/03/2025,39.0,PM2.5,306,5.0,0.0,16.0,,10.0,39.0
11/04/2025,22.0,NO2,307,5.0,0.0,22.0,,11.0,
11/05/2025,28.0,NO2,308,9.0,0.0,28.0,,21.0,
11/06/2025,65.0,PM2.5,309,6.0,0.0,27.0,,24.0,65.0
11/07/2025,21.0,PM10,310,9.0,0.0,18.0,,21.0,
11/08/2025,13.0,PM10,311,3.0,0.0,10.0,,13.0,
11/09/2025,46.0,PM2.5,312,7.0,0.0,10.0,,16.0,46.0
11/10/2025,6.0,PM10,313,1.0,0.0,4.0,,6.0,
11/11/2025,18.0,NO2,314,3.0,0.0,18.0,,7.0,
11/12/2025,53.0,PM2.5,315,5.0,0.0,30.0,,15.0,53.0
11/13/2025,35.0,NO2,316,7.0,0.0,35.0,,19.0,
11/14/2025,30.0,NO2,317,8.0,0.0,30.0,,18.0,
11/15/2025,62.0,PM2.5,318,11.0,0.0,21.0,,22.0,62.0
11/16/2025,16.0,NO2,319,2.0,0.0,16.0,,16.0,
11/17/2025,26.0,NO2,320,5.0,0.0,26.0,,12.0,
11/18/2025,55.0,PM2.5,321,9.0,0.0,29.0,,17.0,55.0
11/19/2025,24.0,NO2,322,9.0,0.0,24.0,,22.0,
11/20/2025,22.0,PM10,323,6.0,0.0,17.0,,22.0,
11/21/2025,62.0,PM2.5,324,8.0,0.0,24.0,,23.0,62.0
11/22/2025,15.0,PM10,325,3.0,0.0,,,15.0,
11/23/2025,13.0,PM10,326,6.0,0.0,,,13.0,
11/24/2025,55.0,PM2.5,327,9.0,0.0,,,16.0,55.0
11/25/2025,13.0,PM10,328,3.0,0.0,,,13.0,
11/26/2025,9.0,PM10,329,3.0,0.0,,,9.0,
11/27/2025,14.0,PM2.5,330,2.0,0.0,,,6.0,14.0
11/28/2025,6.0,PM10,331,5.0,0.0,,,6.0,
11/29/2025,8.0,CO,332,8.0,0.0,,,8.0,
11/30/2025,47.0,PM2.5,333,3.0,0.0,,,11.0,47.0
12/01/2025,8.0,PM10,334,3.0,0.0,,,8.0,
12/02/2025,6.0,PM10,335,3.0,0.0,,,6.0,
12/03/2025,51.0,PM2.5,336,5.0,0.0,,,10.0,51.0
12/04/2025,18.0,PM10,337,7.0,0.0,,,18.0,
12/05/2025,10.0,PM10,338,5.0,0.0,,,10.0,
12/06/2025,44.0,PM2.5,339,5.0,0.0,,,13.0,44.0
12/07/2025,16.0,PM10,340,9.0,0.0,9.0,,16.0,
12/08/2025,12.0,NO2,341,3.0,0.0,12.0,,9.0,
12/09/2025,52.0,PM2.5,342,3.0,0.0,17.0,,12.0,52.0
12/10/2025,14.0,PM10,343,5.0,0.0,10.0,,14.0,
12/11/2025,25.0,NO2,344,5.0,0.0,25.0,,9.0,
12/12/2025,58.0,PM2.5,345,10.0,1.0,32.0,,19.0,58.0
12/13/2025,19.0,PM10,346,13.0,1.0,,,19.0,
12/14/2025,6.0,PM10,347,2.0,0.0,,,6.0,
12/15/2025,44.0,PM2.5,348,6.0,1.0,,,9.0,44.0
12/16/2025,16.0,PM10,349,9.0,1.0,,,16.0,
12/17/2025,20.0,PM10,350,13.0,4.0,,,20.0,
12/18/2025,54.0,PM2.5,351,9.0,0.0,27.0,,16.0,54.0
12/19/2025,14.0,NO2,352,2.0,0.0,14.0,,8.0,
12/20/2025,25.0,NO2,353,6.0,0.0,25.0,,11.0,
12/21/2025,61.0,PM2.5,354,10.0,0.0,25.0,,18.0,61.0
12/22/2025,17.0,NO2,355,7.0,0.0,17.0,,13.0,
12/23/2025,31.0,NO2,356,6.0,0.0,31.0,,22.0,
12/24/2025,58.0,PM2.5,357,7.0,0.0,27.0,,19.0,58.0
12/25/2025,19.0,PM10,358,10.0,0.0,13.0,,19.0,
12/26/2025,13.0,PM10,359,5.0,0.0,12.0,,13.0,
12/27/2025,46.0,PM2.5,360,2.0,0.0,19.0,,13.0,46.0
12/28/2025,15.0,PM10,361,7.0,0.0,12.0,,15.0,
12/29/2025,8.0,NO2,362,2.0,0.0,8.0,,6.0,
12/30/2025,22.0,PM2.5,363,2.0,1.0,10.0,,7.0,22.0
12/31/2025,29.0,NO2,364,3.0,1.0,29.0,,7.0,
